// GreenWave TechLabs logo, converted from the source PNG.
// RGB565, pre-composited onto the surface it sits on, since
// this display has no alpha channel. The wordmark is remapped
// to light text so it reads on the dark console background.
//
// Generated asset - do not hand edit.

#ifndef GREENWAVE_LOGO_H
#define GREENWAVE_LOGO_H

#include <pgmspace.h>

#define LOGO_SPLASH_W 132
#define LOGO_SPLASH_H 135

const uint16_t LOGO_SPLASH[17820] PROGMEM = {
  0x0884, 0x0884, 0x0884, 0x0884, 0x0884, 0x0884, 0x0884, 0x0884, 0x0884, 0x0884, 0x0884, 0x0884,
  0x0884, 0x0884, 0x0884, 0x0884, 0x0884, 0x0884, 0x0884, 0x0884, 0x0884, 0x0884, 0x0884, 0x0884,
  0x0884, 0x0884, 0x0884, 0x0884, 0x0884, 0x0884, 0x0884, 0x0884, 0x0884, 0x0884, 0x0884, 0x0884,
  0x0884, 0x0884, 0x0884, 0x0884, 0x0884, 0x0884, 0x0884, 0x0884, 0x0884, 0x0884, 0x0884, 0x0884,
  0x0884, 0x0884, 0x0884, 0x0884, 0x0884, 0x0884, 0x0884, 0x0884, 0x0884, 0x0884, 0x1105, 0x19A5,
  0x2246, 0x32E7, 0x3B48, 0x3BA9, 0x43E9, 0x440A, 0x440A, 0x4409, 0x43C9, 0x3BA8, 0x3B68, 0x3328,
  0x2A87, 0x21C6, 0x1125, 0x0884, 0x0884, 0x0884, 0x0884, 0x0884, 0x0884, 0x0884, 0x0884, 0x0884,
  0x0884, 0x0884, 0x0884, 0x0884, 0x0884, 0x0884, 0x0884, 0x0884, 0x0884, 0x0884, 0x0884, 0x0884,
  0x0884, 0x0884, 0x0884, 0x0884, 0x0884, 0x0884, 0x0884, 0x0884, 0x0884, 0x0884, 0x0884, 0x0884,
  0x0884, 0x0884, 0x0884, 0x0884, 0x0884, 0x0884, 0x0884, 0x0884, 0x0884, 0x0884, 0x0884, 0x0884,
  0x0884, 0x0884, 0x0884, 0x0884, 0x0884, 0x0884, 0x0884, 0x0884, 0x0884, 0x0884, 0x0884, 0x0884,
  0x0884, 0x0884, 0x0884, 0x0884, 0x0884, 0x0884, 0x0884, 0x0884, 0x0884, 0x0884, 0x0884, 0x0884,
  0x0884, 0x0884, 0x0884, 0x0884, 0x0884, 0x0884, 0x0884, 0x0884, 0x0884, 0x0884, 0x0884, 0x0884,
  0x0884, 0x0884, 0x0884, 0x0884, 0x0884, 0x0884, 0x0884, 0x0884, 0x0884, 0x0884, 0x0884, 0x0884,
  0x0884, 0x0884, 0x0884, 0x0884, 0x0884, 0x0884, 0x0884, 0x0884, 0x0884, 0x0884, 0x0884, 0x0884,
  0x0884, 0x0884, 0x0884, 0x0884, 0x0884, 0x08A4, 0x19A6, 0x2287, 0x3BC8, 0x44EA, 0x4D4A, 0x55AA,
  0x5E0B, 0x5E4C, 0x5E4C, 0x5E2B, 0x562B, 0x562B, 0x560B, 0x560B, 0x562B, 0x564B, 0x5E4B, 0x5E6C,
  0x5E2B, 0x5DCB, 0x4D2A, 0x4CCA, 0x4429, 0x2A87, 0x1985, 0x08C4, 0x0884, 0x0884, 0x0884, 0x0884,
  0x0884, 0x0884, 0x0884, 0x0884, 0x0884, 0x0884, 0x0884, 0x0884, 0x0884, 0x0884, 0x0884, 0x0884,
  0x0884, 0x0884, 0x0884, 0x0884, 0x0884, 0x0884, 0x0884, 0x0884, 0x0884, 0x0884, 0x0884, 0x0884,
  0x0884, 0x0884, 0x0884, 0x0884, 0x0884, 0x0884, 0x0884, 0x0884, 0x0884, 0x0884, 0x0884, 0x0884,
  0x0884, 0x0884, 0x0884, 0x0884, 0x0884, 0x0884, 0x0884, 0x0884, 0x0884, 0x0884, 0x0884, 0x0884,
  0x0884, 0x0884, 0x0884, 0x0884, 0x0884, 0x0884, 0x0884, 0x0884, 0x0884, 0x0884, 0x0884, 0x0884,
  0x0884, 0x0884, 0x0884, 0x0884, 0x0884, 0x0884, 0x0884, 0x0884, 0x0884, 0x0884, 0x0884, 0x0884,
  0x0884, 0x0884, 0x0884, 0x0884, 0x0884, 0x0884, 0x0884, 0x0884, 0x0884, 0x0884, 0x0884, 0x0884,
  0x0884, 0x0884, 0x0884, 0x0884, 0x0884, 0x0884, 0x0884, 0x0884, 0x0884, 0x0884, 0x0884, 0x0884,
  0x0884, 0x0884, 0x08A4, 0x2206, 0x3388, 0x3C89, 0x55EB, 0x4E2A, 0x564B, 0x564B, 0x562B, 0x560B,
  0x55EB, 0x560B, 0x5E2B, 0x5E4C, 0x564B, 0x564B, 0x564B, 0x564B, 0x564B, 0x5E2C, 0x560C, 0x560B,
  0x560B, 0x560B, 0x564B, 0x5E4B, 0x5E2B, 0x55EB, 0x55CB, 0x44C9, 0x3388, 0x2226, 0x08C4, 0x0884,
  0x0884, 0x0884, 0x0884, 0x0884, 0x0884, 0x0884, 0x0884, 0x0884, 0x0884, 0x0884, 0x0884, 0x0884,
  0x0884, 0x0884, 0x0884, 0x0884, 0x0884, 0x0884, 0x0884, 0x0884, 0x0884, 0x0884, 0x0884, 0x0884,
  0x0884, 0x0884, 0x0884, 0x0884, 0x0884, 0x0884, 0x0884, 0x0884, 0x0884, 0x0884, 0x0884, 0x0884,
  0x0884, 0x0884, 0x0884, 0x0884, 0x0884, 0x0884, 0x0884, 0x0884, 0x0884, 0x0884, 0x0884, 0x0884,
  0x0884, 0x0884, 0x0884, 0x0884, 0x0884, 0x0884, 0x0884, 0x0884, 0x0884, 0x0884, 0x0884, 0x0884,
  0x0884, 0x0884, 0x0884, 0x0884, 0x0884, 0x0884, 0x0884, 0x0884, 0x0884, 0x0884, 0x0884, 0x0884,
  0x0884, 0x0884, 0x0884, 0x0884, 0x0884, 0x0884, 0x0884, 0x0884, 0x0884, 0x0884, 0x0884, 0x0884,
  0x0884, 0x0884, 0x0884, 0x0884, 0x0884, 0x0884, 0x0884, 0x0884, 0x0884, 0x0884, 0x0884, 0x0884,
  0x1145, 0x2B08, 0x44CA, 0x5DEC, 0x5E6C, 0x564B, 0x4E0A, 0x562B, 0x4E0B, 0x560B, 0x560B, 0x5E4C,
  0x5E6C, 0x5E0B, 0x55AA, 0x4D4A, 0x44E9, 0x44C9, 0x3CC9, 0x3CC8, 0x3CE8, 0x452A, 0x4D6B, 0x55EC,
  0x5E6D, 0x564C, 0x562C, 0x560B, 0x560B, 0x55EB, 0x560B, 0x562C, 0x5E4C, 0x5DEB, 0x552A, 0x3327,
  0x1985, 0x0884, 0x0884, 0x0884, 0x0884, 0x0884, 0x0884, 0x0884, 0x0884, 0x0884, 0x0884, 0x0884,
  0x0884, 0x0884, 0x0884, 0x0884, 0x0884, 0x0884, 0x0884, 0x0884, 0x0884, 0x0884, 0x0884, 0x0884,
  0x0884, 0x0884, 0x0884, 0x0884, 0x0884, 0x0884, 0x0884, 0x0884, 0x0884, 0x0884, 0x0884, 0x0884,
  0x0884, 0x0884, 0x0884, 0x0884, 0x0884, 0x0884, 0x0884, 0x0884, 0x0884, 0x0884, 0x0884, 0x0884,
  0x0884, 0x0884, 0x0884, 0x0884, 0x0884, 0x0884, 0x0884, 0x0884, 0x0884, 0x0884, 0x0884, 0x0884,
  0x0884, 0x0884, 0x0884, 0x0884, 0x0884, 0x0884, 0x0884, 0x0884, 0x0884, 0x0884, 0x0884, 0x0884,
  0x0884, 0x0884, 0x0884, 0x0884, 0x0884, 0x0884, 0x0884, 0x0884, 0x0884, 0x0884, 0x0884, 0x0884,
  0x0884, 0x0884, 0x0884, 0x0884, 0x0884, 0x0884, 0x0884, 0x0884, 0x0884, 0x0884, 0x19A5, 0x3BC8,
  0x556B, 0x5E4C, 0x562B, 0x5E2C, 0x55EB, 0x5E2B, 0x5E6C, 0x562C, 0x4DCB, 0x456A, 0x3C29, 0x2B08,
  0x2A87, 0x21E6, 0x1165, 0x1125, 0x10E4, 0x08C4, 0x08A4, 0x08A4, 0x08C4, 0x1104, 0x1145, 0x19C6,
  0x2A87, 0x3328, 0x3C49, 0x456A, 0x4DCA, 0x564B, 0x5E6B, 0x562B, 0x55EB, 0x5E0B, 0x5E2C, 0x664C,
  0x5DCC, 0x3C29, 0x19E6, 0x0884, 0x0884, 0x0884, 0x0884, 0x0884, 0x0884, 0x0884, 0x0884, 0x0884,
  0x0884, 0x0884, 0x0884, 0x0884, 0x0884, 0x0884, 0x0884, 0x0884, 0x0884, 0x0884, 0x0884, 0x0884,
  0x0884, 0x0884, 0x0884, 0x0884, 0x0884, 0x0884, 0x0884, 0x0884, 0x0884, 0x0884, 0x0884, 0x0884,
  0x0884, 0x0884, 0x0884, 0x0884, 0x0884, 0x0884, 0x0884, 0x0884, 0x0884, 0x0884, 0x0884, 0x0884,
  0x0884, 0x0884, 0x0884, 0x0884, 0x0884, 0x0884, 0x0884, 0x0884, 0x0884, 0x0884, 0x0884, 0x0884,
  0x0884, 0x0884, 0x0884, 0x0884, 0x0884, 0x0884, 0x0884, 0x0884, 0x0884, 0x0884, 0x0884, 0x0884,
  0x0884, 0x0884, 0x0884, 0x0884, 0x0884, 0x0884, 0x0884, 0x0884, 0x0884, 0x0884, 0x0884, 0x0884,
  0x0884, 0x0884, 0x0884, 0x0884, 0x0884, 0x0884, 0x0884, 0x0884, 0x1985, 0x33E8, 0x4DCA, 0x564B,
  0x5E2B, 0x55EA, 0x564B, 0x5E4C, 0x5E2C, 0x4D0A, 0x3BE9, 0x2AC7, 0x1985, 0x08C4, 0x0884, 0x0884,
  0x0884, 0x0884, 0x0884, 0x0884, 0x0884, 0x0884, 0x0884, 0x0884, 0x0884, 0x0884, 0x0884, 0x0884,
  0x0884, 0x0884, 0x0884, 0x08C4, 0x19A5, 0x2AE7, 0x43E9, 0x4CEB, 0x662D, 0x5E4C, 0x5E2C, 0x5E0B,
  0x560B, 0x5E6C, 0x55CC, 0x3C29, 0x19C6, 0x0884, 0x0884, 0x0884, 0x0884, 0x0884, 0x0884, 0x0884,
  0x0884, 0x0884, 0x0884, 0x0884, 0x0884, 0x0884, 0x0884, 0x0884, 0x0884, 0x0884, 0x0884, 0x0884,
  0x0884, 0x0884, 0x0884, 0x0884, 0x0884, 0x0884, 0x0884, 0x0884, 0x0884, 0x0884, 0x0884, 0x0884,
  0x0884, 0x0884, 0x0884, 0x0884, 0x0884, 0x0884, 0x0884, 0x0884, 0x0884, 0x0884, 0x0884, 0x0884,
  0x0884, 0x0884, 0x0884, 0x0884, 0x0884, 0x0884, 0x0884, 0x0884, 0x0884, 0x0884, 0x0884, 0x0884,
  0x0884, 0x0884, 0x0884, 0x0884, 0x0884, 0x0884, 0x0884, 0x0884, 0x0884, 0x0884, 0x0884, 0x0884,
  0x0884, 0x0884, 0x0884, 0x0884, 0x0884, 0x0884, 0x0884, 0x0884, 0x0884, 0x0884, 0x0884, 0x0884,
  0x0884, 0x0884, 0x0884, 0x0884, 0x0884, 0x0884, 0x1125, 0x3B88, 0x4DAA, 0x4E6B, 0x4E2B, 0x4E2A,
  0x5649, 0x5E6B, 0x558B, 0x4409, 0x2206, 0x10E4, 0x0884, 0x0884, 0x0884, 0x0884, 0x0884, 0x0884,
  0x0884, 0x0884, 0x0884, 0x0884, 0x0884, 0x0884, 0x0884, 0x0884, 0x0884, 0x0884, 0x0884, 0x0884,
  0x0884, 0x0884, 0x0884, 0x0884, 0x0884, 0x0884, 0x0884, 0x08E5, 0x21E6, 0x3BA9, 0x556A, 0x5E6B,
  0x564B, 0x55EA, 0x560B, 0x564B, 0x4DAB, 0x3BC9, 0x1125, 0x0884, 0x0884, 0x0884, 0x0884, 0x0884,
  0x0884, 0x0884, 0x0884, 0x0884, 0x0884, 0x0884, 0x0884, 0x0884, 0x0884, 0x0884, 0x0884, 0x0884,
  0x0884, 0x0884, 0x0884, 0x0884, 0x0884, 0x0884, 0x0884, 0x0884, 0x0884, 0x0884, 0x0884, 0x0884,
  0x0884, 0x0884, 0x0884, 0x0884, 0x0884, 0x0884, 0x0884, 0x0884, 0x0884, 0x0884, 0x0884, 0x0884,
  0x0884, 0x0884, 0x0884, 0x0884, 0x0884, 0x0884, 0x0884, 0x0884, 0x0884, 0x0884, 0x0884, 0x0884,
  0x0884, 0x0884, 0x0884, 0x0884, 0x0884, 0x0884, 0x0884, 0x0884, 0x0884, 0x0884, 0x0884, 0x0884,
  0x0884, 0x0884, 0x0884, 0x0884, 0x0884, 0x0884, 0x0884, 0x0884, 0x0884, 0x0884, 0x0884, 0x0884,
  0x0884, 0x0884, 0x0884, 0x0884, 0x0884, 0x2A87, 0x554B, 0x5E4B, 0x562B, 0x560A, 0x564B, 0x562B,
  0x450A, 0x2AE7, 0x1125, 0x0884, 0x0884, 0x0884, 0x0884, 0x0884, 0x0884, 0x0884, 0x0884, 0x0884,
  0x0884, 0x0884, 0x0884, 0x0884, 0x0884, 0x0884, 0x0884, 0x0884, 0x0884, 0x0884, 0x0884, 0x0884,
  0x0884, 0x0884, 0x0884, 0x0884, 0x0884, 0x0884, 0x0884, 0x0884, 0x0884, 0x0884, 0x1125, 0x2AC7,
  0x452A, 0x562B, 0x562B, 0x55CA, 0x5DEB, 0x660C, 0x558C, 0x2AE7, 0x08A4, 0x0884, 0x0884, 0x0884,
  0x0884, 0x0884, 0x0884, 0x0884, 0x0884, 0x0884, 0x0884, 0x0884, 0x0884, 0x0884, 0x0884, 0x0884,
  0x0884, 0x0884, 0x0884, 0x0884, 0x0884, 0x0884, 0x0884, 0x0884, 0x0884, 0x0884, 0x0884, 0x0884,
  0x0884, 0x0884, 0x0884, 0x0884, 0x0884, 0x0884, 0x0884, 0x0884, 0x0884, 0x0884, 0x0884, 0x0884,
  0x0884, 0x0884, 0x0884, 0x0884, 0x0884, 0x0884, 0x0884, 0x0884, 0x0884, 0x0884, 0x0884, 0x0884,
  0x0884, 0x0884, 0x0884, 0x0884, 0x0884, 0x0884, 0x0884, 0x0884, 0x0884, 0x0884, 0x0884, 0x0884,
  0x0884, 0x0884, 0x0884, 0x0884, 0x0884, 0x0884, 0x0884, 0x0884, 0x0884, 0x0884, 0x0884, 0x0884,
  0x0884, 0x0884, 0x0884, 0x1145, 0x3C28, 0x560B, 0x560B, 0x55EB, 0x5E2B, 0x5E2C, 0x4CCA, 0x2A67,
  0x08C4, 0x0884, 0x0884, 0x0884, 0x0884, 0x0884, 0x0884, 0x0884, 0x0884, 0x0884, 0x0884, 0x0884,
  0x0884, 0x0884, 0x0884, 0x0884, 0x0884, 0x0884, 0x0884, 0x0884, 0x0884, 0x0884, 0x0884, 0x0884,
  0x0884, 0x0884, 0x0884, 0x0884, 0x0884, 0x0884, 0x0884, 0x0884, 0x0884, 0x0884, 0x0884, 0x0884,
  0x08C4, 0x2AA7, 0x4D0A, 0x5E4B, 0x562B, 0x5DEB, 0x5E2B, 0x5E4B, 0x4C8A, 0x1945, 0x0884, 0x0884,
  0x0884, 0x0884, 0x0884, 0x0884, 0x0884, 0x0884, 0x0884, 0x0884, 0x0884, 0x0884, 0x0884, 0x0884,
  0x0884, 0x0884, 0x0884, 0x0884, 0x0884, 0x0884, 0x0884, 0x0884, 0x0884, 0x0884, 0x0884, 0x0884,
  0x0884, 0x0884, 0x0884, 0x0884, 0x0884, 0x0884, 0x0884, 0x0884, 0x0884, 0x0884, 0x0884, 0x0884,
  0x0884, 0x0884, 0x0884, 0x0884, 0x0884, 0x0884, 0x0884, 0x0884, 0x0884, 0x0884, 0x0884, 0x0884,
  0x0884, 0x0884, 0x0884, 0x0884, 0x0884, 0x0884, 0x0884, 0x0884, 0x0884, 0x0884, 0x0884, 0x0884,
  0x0884, 0x0884, 0x0884, 0x0884, 0x0884, 0x0884, 0x0884, 0x0884, 0x0884, 0x0884, 0x0884, 0x0884,
  0x0884, 0x0884, 0x2246, 0x55AA, 0x564A, 0x560B, 0x4E0B, 0x566C, 0x556B, 0x2AA7, 0x08A4, 0x0884,
  0x0884, 0x0884, 0x0884, 0x0884, 0x0884, 0x0884, 0x0884, 0x0884, 0x0884, 0x0884, 0x0884, 0x0884,
  0x0884, 0x0884, 0x0884, 0x0884, 0x0884, 0x0884, 0x0884, 0x0884, 0x0884, 0x0884, 0x0884, 0x0884,
  0x0884, 0x0884, 0x0884, 0x0884, 0x0884, 0x0884, 0x0884, 0x0884, 0x0884, 0x0884, 0x0884, 0x0884,
  0x0884, 0x0884, 0x08C4, 0x2AE7, 0x4D2A, 0x5E6B, 0x5DEB, 0x65CB, 0x662B, 0x556A, 0x2286, 0x0884,
  0x0884, 0x0884, 0x0884, 0x0884, 0x0884, 0x0884, 0x0884, 0x0884, 0x0884, 0x0884, 0x0884, 0x0884,
  0x0884, 0x0884, 0x0884, 0x0884, 0x0884, 0x0884, 0x0884, 0x0884, 0x0884, 0x0884, 0x0884, 0x0884,
  0x0884, 0x0884, 0x0884, 0x0884, 0x0884, 0x0884, 0x0884, 0x0884, 0x0884, 0x0884, 0x0884, 0x0884,
  0x0884, 0x0884, 0x0884, 0x0884, 0x0884, 0x0884, 0x0884, 0x0884, 0x0884, 0x0884, 0x0884, 0x0884,
  0x0884, 0x0884, 0x0884, 0x0884, 0x0884, 0x0884, 0x0884, 0x0884, 0x0884, 0x0884, 0x0884, 0x0884,
  0x0884, 0x0884, 0x0884, 0x0884, 0x0884, 0x0884, 0x0884, 0x0884, 0x0884, 0x0884, 0x0884, 0x0884,
  0x0884, 0x3328, 0x55EB, 0x564B, 0x4DEA, 0x4E2A, 0x560B, 0x3BC9, 0x1105, 0x0884, 0x0884, 0x0884,
  0x0884, 0x0884, 0x0884, 0x0884, 0x0884, 0x0884, 0x0884, 0x0884, 0x0884, 0x0884, 0x0884, 0x0884,
  0x0884, 0x0884, 0x0884, 0x0884, 0x0884, 0x0884, 0x0884, 0x0884, 0x0884, 0x0884, 0x0884, 0x0884,
  0x0884, 0x0884, 0x0884, 0x0884, 0x0884, 0x0884, 0x0884, 0x0884, 0x0884, 0x0884, 0x0884, 0x0884,
  0x0884, 0x0884, 0x0884, 0x0884, 0x1105, 0x3BA9, 0x65ED, 0x5E2C, 0x55EB, 0x560A, 0x560B, 0x3368,
  0x08A4, 0x0884, 0x0884, 0x0884, 0x0884, 0x0884, 0x0884, 0x0884, 0x0884, 0x0884, 0x0884, 0x0884,
  0x0884, 0x0884, 0x0884, 0x0884, 0x0884, 0x0884, 0x0884, 0x0884, 0x0884, 0x0884, 0x0884, 0x0884,
  0x0884, 0x0884, 0x0884, 0x0884, 0x0884, 0x0884, 0x0884, 0x0884, 0x0884, 0x0884, 0x0884, 0x0884,
  0x0884, 0x0884, 0x0884, 0x0884, 0x0884, 0x0884, 0x0884, 0x0884, 0x0884, 0x0884, 0x0884, 0x0884,
  0x0884, 0x0884, 0x0884, 0x0884, 0x0884, 0x0884, 0x0884, 0x0884, 0x0884, 0x0884, 0x0884, 0x0884,
  0x0884, 0x0884, 0x0884, 0x0884, 0x0884, 0x0884, 0x0884, 0x0884, 0x0884, 0x0884, 0x0884, 0x10E4,
  0x4C8A, 0x5E4C, 0x562B, 0x560B, 0x566C, 0x4D4A, 0x2226, 0x0884, 0x0884, 0x0884, 0x0884, 0x0884,
  0x0884, 0x0884, 0x0884, 0x0884, 0x0884, 0x0884, 0x0884, 0x0884, 0x0884, 0x0884, 0x0884, 0x0884,
  0x0884, 0x0884, 0x0884, 0x0884, 0x0884, 0x08C4, 0x2226, 0x2246, 0x2246, 0x21E6, 0x1145, 0x08E4,
  0x0884, 0x0884, 0x0884, 0x0884, 0x0884, 0x0884, 0x0884, 0x0884, 0x0884, 0x0884, 0x0884, 0x0884,
  0x0884, 0x0884, 0x0884, 0x0884, 0x0884, 0x0884, 0x2206, 0x4CCA, 0x5E4C, 0x55EA, 0x560A, 0x562B,
  0x3C09, 0x10E4, 0x0884, 0x0884, 0x0884, 0x0884, 0x0884, 0x0884, 0x0884, 0x0884, 0x0884, 0x0884,
  0x0884, 0x0884, 0x0884, 0x0884, 0x0884, 0x0884, 0x0884, 0x0884, 0x0884, 0x0884, 0x0884, 0x0884,
  0x0884, 0x0884, 0x0884, 0x0884, 0x0884, 0x0884, 0x0884, 0x0884, 0x0884, 0x0884, 0x0884, 0x0884,
  0x0884, 0x0884, 0x0884, 0x0884, 0x0884, 0x0884, 0x0884, 0x0884, 0x0884, 0x0884, 0x0884, 0x0884,
  0x0884, 0x0884, 0x0884, 0x0884, 0x0884, 0x0884, 0x0884, 0x0884, 0x0884, 0x0884, 0x0884, 0x0884,
  0x0884, 0x0884, 0x0884, 0x0884, 0x0884, 0x0884, 0x0884, 0x0884, 0x0884, 0x0884, 0x1125, 0x4CC9,
  0x5E8B, 0x560B, 0x560B, 0x5E4C, 0x446A, 0x1125, 0x0884, 0x0884, 0x0884, 0x0884, 0x0884, 0x0884,
  0x0884, 0x0884, 0x0884, 0x0884, 0x0884, 0x0884, 0x0884, 0x0884, 0x0884, 0x0884, 0x0884, 0x0884,
  0x0884, 0x0884, 0x0884, 0x0884, 0x0884, 0x1124, 0x4D89, 0x564A, 0x564A, 0x560A, 0x4D89, 0x4D09,
  0x4CAA, 0x3BA9, 0x2227, 0x1125, 0x0884, 0x0884, 0x0884, 0x0884, 0x0884, 0x0884, 0x0884, 0x0884,
  0x0884, 0x0884, 0x0884, 0x0884, 0x0884, 0x0884, 0x0884, 0x10E4, 0x43E9, 0x5E4B, 0x562B, 0x55CB,
  0x660C, 0x4CCA, 0x1145, 0x0884, 0x0884, 0x0884, 0x0884, 0x0884, 0x0884, 0x0884, 0x0884, 0x0884,
  0x0884, 0x0884, 0x0884, 0x0884, 0x0884, 0x0884, 0x0884, 0x0884, 0x0884, 0x0884, 0x0884, 0x0884,
  0x0884, 0x0884, 0x0884, 0x0884, 0x0884, 0x0884, 0x0884, 0x0884, 0x0884, 0x0884, 0x0884, 0x0884,
  0x0884, 0x0884, 0x0884, 0x0884, 0x0884, 0x0884, 0x0884, 0x0884, 0x0884, 0x0884, 0x0884, 0x0884,
  0x0884, 0x0884, 0x0884, 0x0884, 0x0884, 0x0884, 0x0884, 0x0884, 0x0884, 0x0884, 0x0884, 0x0884,
  0x0884, 0x0884, 0x0884, 0x0884, 0x0884, 0x0884, 0x0884, 0x0884, 0x0884, 0x1125, 0x44CA, 0x5E4B,
  0x55EA, 0x562C, 0x5E4C, 0x3328, 0x0884, 0x0884, 0x0884, 0x0884, 0x0884, 0x0884, 0x0884, 0x0884,
  0x0884, 0x0884, 0x0884, 0x0884, 0x0884, 0x0884, 0x0884, 0x0884, 0x0884, 0x0884, 0x0884, 0x0884,
  0x0884, 0x0884, 0x0884, 0x0884, 0x0884, 0x1165, 0x4589, 0x5DE9, 0x55E9, 0x560A, 0x5E0A, 0x664B,
  0x6E6B, 0x6E6C, 0x664C, 0x55CB, 0x4449, 0x2AE7, 0x1145, 0x0884, 0x0884, 0x0884, 0x0884, 0x0884,
  0x0884, 0x0884, 0x0884, 0x0884, 0x0884, 0x0884, 0x0884, 0x0884, 0x0884, 0x2AC7, 0x5DCC, 0x660C,
  0x5DEC, 0x564C, 0x4D2A, 0x1145, 0x0884, 0x0884, 0x0884, 0x0884, 0x0884, 0x0884, 0x0884, 0x0884,
  0x0884, 0x0884, 0x0884, 0x0884, 0x0884, 0x0884, 0x0884, 0x0884, 0x0884, 0x0884, 0x0884, 0x0884,
  0x0884, 0x0884, 0x0884, 0x0884, 0x0884, 0x0884, 0x0884, 0x0884, 0x0884, 0x0884, 0x0884, 0x0884,
  0x0884, 0x0884, 0x0884, 0x0884, 0x0884, 0x0884, 0x0884, 0x0884, 0x0884, 0x0884, 0x0884, 0x0884,
  0x0884, 0x0884, 0x0884, 0x0884, 0x0884, 0x0884, 0x0884, 0x0884, 0x0884, 0x0884, 0x0884, 0x0884,
  0x0884, 0x0884, 0x0884, 0x0884, 0x0884, 0x0884, 0x0884, 0x0884, 0x1125, 0x4CCA, 0x5E0B, 0x55EA,
  0x5E2B, 0x5E0C, 0x2AA7, 0x0884, 0x0884, 0x0884, 0x0884, 0x0884, 0x0884, 0x0884, 0x0884, 0x0884,
  0x0884, 0x0884, 0x0884, 0x0884, 0x0884, 0x0884, 0x0884, 0x0884, 0x0884, 0x0884, 0x0884, 0x0884,
  0x0884, 0x0884, 0x0884, 0x0884, 0x0884, 0x1145, 0x456A, 0x560B, 0x5E2C, 0x666C, 0x6E6C, 0x666B,
  0x664B, 0x662B, 0x5E0A, 0x5E2B, 0x564B, 0x564B, 0x4D69, 0x3C08, 0x19C5, 0x0884, 0x0884, 0x0884,
  0x0884, 0x0884, 0x0884, 0x0884, 0x0884, 0x0884, 0x0884, 0x0884, 0x0884, 0x0884, 0x2206, 0x5DAC,
  0x5E2B, 0x55CA, 0x560B, 0x552B, 0x1145, 0x0884, 0x0884, 0x0884, 0x0884, 0x0884, 0x0884, 0x0884,
  0x0884, 0x0884, 0x0884, 0x0884, 0x0884, 0x0884, 0x0884, 0x0884, 0x0884, 0x0884, 0x0884, 0x0884,
  0x0884, 0x0884, 0x0884, 0x0884, 0x0884, 0x0884, 0x0884, 0x0884, 0x0884, 0x0884, 0x0884, 0x0884,
  0x0884, 0x0884, 0x0884, 0x0884, 0x0884, 0x0884, 0x0884, 0x0884, 0x0884, 0x0884, 0x0884, 0x0884,
  0x0884, 0x0884, 0x0884, 0x0884, 0x0884, 0x0884, 0x0884, 0x0884, 0x0884, 0x0884, 0x0884, 0x0884,
  0x0884, 0x0884, 0x0884, 0x0884, 0x0884, 0x0884, 0x0884, 0x1104, 0x4CA9, 0x5E2B, 0x55CA, 0x562B,
  0x55CC, 0x2227, 0x0884, 0x0884, 0x0884, 0x0884, 0x0884, 0x0884, 0x0884, 0x0884, 0x0884, 0x0884,
  0x0884, 0x0884, 0x0884, 0x0884, 0x0884, 0x0884, 0x0884, 0x0884, 0x0884, 0x0884, 0x0884, 0x0884,
  0x0884, 0x0884, 0x0884, 0x0884, 0x0884, 0x08C4, 0x1A06, 0x1A06, 0x2247, 0x32C7, 0x3307, 0x43C9,
  0x54AA, 0x5DAB, 0x5E2B, 0x5E4B, 0x560A, 0x55E9, 0x562A, 0x5E2A, 0x5DEB, 0x4449, 0x19A6, 0x0884,
  0x0884, 0x0884, 0x0884, 0x0884, 0x0884, 0x0884, 0x0884, 0x0884, 0x0884, 0x0884, 0x0884, 0x19C6,
  0x558A, 0x5E0B, 0x55CB, 0x562C, 0x4CEA, 0x1105, 0x0884, 0x0884, 0x0884, 0x0884, 0x0884, 0x0884,
  0x0884, 0x0884, 0x0884, 0x0884, 0x0884, 0x0884, 0x0884, 0x0884, 0x0884, 0x0884, 0x0884, 0x0884,
  0x0884, 0x0884, 0x0884, 0x0884, 0x0884, 0x0884, 0x0884, 0x0884, 0x0884, 0x0884, 0x0884, 0x0884,
  0x0884, 0x0884, 0x0884, 0x0884, 0x0884, 0x0884, 0x0884, 0x0884, 0x0884, 0x0884, 0x0884, 0x0884,
  0x0884, 0x0884, 0x0884, 0x0884, 0x0884, 0x0884, 0x0884, 0x0884, 0x0884, 0x0884, 0x0884, 0x0884,
  0x0884, 0x0884, 0x0884, 0x0884, 0x0884, 0x0884, 0x08C4, 0x448A, 0x564B, 0x4DE9, 0x564A, 0x4DCB,
  0x21E6, 0x0884, 0x0884, 0x0884, 0x0884, 0x0884, 0x0884, 0x0884, 0x0884, 0x0884, 0x0884, 0x0884,
  0x0884, 0x0884, 0x0884, 0x0884, 0x0884, 0x0884, 0x0884, 0x0884, 0x0884, 0x0884, 0x0884, 0x0884,
  0x0884, 0x0884, 0x0884, 0x0884, 0x0884, 0x0884, 0x0884, 0x0884, 0x0884, 0x0884, 0x0884, 0x0884,
  0x0884, 0x1145, 0x2AE8, 0x3C48, 0x55AA, 0x5E4A, 0x5629, 0x562A, 0x55EA, 0x664C, 0x5DCB, 0x3BA8,
  0x1104, 0x0884, 0x0884, 0x0884, 0x0884, 0x0884, 0x0884, 0x0884, 0x0884, 0x0884, 0x0884, 0x0884,
  0x19C6, 0x558B, 0x560B, 0x4DCB, 0x560B, 0x4449, 0x08A4, 0x0884, 0x0884, 0x0884, 0x0884, 0x0884,
  0x0884, 0x0884, 0x0884, 0x0884, 0x0884, 0x0884, 0x0884, 0x0884, 0x0884, 0x0884, 0x0884, 0x0884,
  0x0884, 0x0884, 0x0884, 0x0884, 0x0884, 0x0884, 0x0884, 0x0884, 0x0884, 0x0884, 0x0884, 0x0884,
  0x0884, 0x0884, 0x0884, 0x0884, 0x0884, 0x0884, 0x0884, 0x0884, 0x0884, 0x0884, 0x0884, 0x0884,
  0x0884, 0x0884, 0x0884, 0x0884, 0x0884, 0x0884, 0x0884, 0x0884, 0x0884, 0x0884, 0x0884, 0x0884,
  0x0884, 0x0884, 0x0884, 0x0884, 0x0884, 0x0884, 0x3BC9, 0x564C, 0x4DEA, 0x4E4A, 0x4E2A, 0x1A26,
  0x0884, 0x0884, 0x0884, 0x0884, 0x0884, 0x0884, 0x0884, 0x0884, 0x0884, 0x0884, 0x0884, 0x0884,
  0x0884, 0x0884, 0x0884, 0x0884, 0x0884, 0x0884, 0x0884, 0x0884, 0x0884, 0x0884, 0x0884, 0x0884,
  0x0884, 0x0884, 0x0884, 0x0884, 0x0884, 0x0884, 0x08A4, 0x08A4, 0x08A4, 0x08A4, 0x0884, 0x0884,
  0x0884, 0x0884, 0x0884, 0x0884, 0x1185, 0x2AE7, 0x44C9, 0x560A, 0x664C, 0x65CC, 0x65EC, 0x666B,
  0x558A, 0x2266, 0x0884, 0x0884, 0x0884, 0x0884, 0x0884, 0x0884, 0x0884, 0x0884, 0x0884, 0x0884,
  0x0884, 0x19E6, 0x55AA, 0x562B, 0x55EB, 0x5E4C, 0x3368, 0x0884, 0x0884, 0x0884, 0x0884, 0x0884,
  0x0884, 0x0884, 0x0884, 0x0884, 0x0884, 0x0884, 0x0884, 0x0884, 0x0884, 0x0884, 0x0884, 0x0884,
  0x0884, 0x0884, 0x0884, 0x0884, 0x0884, 0x0884, 0x0884, 0x0884, 0x0884, 0x0884, 0x0884, 0x0884,
  0x0884, 0x0884, 0x0884, 0x0884, 0x0884, 0x0884, 0x0884, 0x0884, 0x0884, 0x0884, 0x0884, 0x0884,
  0x0884, 0x0884, 0x0884, 0x0884, 0x0884, 0x0884, 0x0884, 0x0884, 0x0884, 0x0884, 0x0884, 0x0884,
  0x0884, 0x0884, 0x0884, 0x0884, 0x0884, 0x2AA7, 0x5E0B, 0x55CB, 0x4E2B, 0x4E2B, 0x2266, 0x0884,
  0x0884, 0x0884, 0x0884, 0x0884, 0x0884, 0x0884, 0x0884, 0x0884, 0x0884, 0x0884, 0x0884, 0x0884,
  0x0884, 0x0884, 0x0884, 0x0884, 0x0884, 0x0884, 0x0884, 0x0884, 0x0884, 0x0884, 0x0884, 0x0884,
  0x0884, 0x0884, 0x0884, 0x0884, 0x0884, 0x0884, 0x0884, 0x0884, 0x0884, 0x0884, 0x0884, 0x0884,
  0x0884, 0x0884, 0x0884, 0x0884, 0x0884, 0x0884, 0x0884, 0x2226, 0x4C8A, 0x6E2D, 0x660C, 0x5DEB,
  0x562A, 0x5609, 0x3C08, 0x08E4, 0x0884, 0x0884, 0x0884, 0x0884, 0x0884, 0x0884, 0x0884, 0x0884,
  0x0884, 0x0884, 0x2226, 0x4DEB, 0x5E4D, 0x5DEB, 0x662C, 0x32E7, 0x0884, 0x0884, 0x0884, 0x0884,
  0x0884, 0x0884, 0x0884, 0x0884, 0x0884, 0x0884, 0x0884, 0x0884, 0x0884, 0x0884, 0x0884, 0x0884,
  0x0884, 0x0884, 0x0884, 0x0884, 0x0884, 0x0884, 0x0884, 0x0884, 0x0884, 0x0884, 0x0884, 0x0884,
  0x0884, 0x0884, 0x0884, 0x0884, 0x0884, 0x0884, 0x0884, 0x0884, 0x0884, 0x0884, 0x0884, 0x0884,
  0x0884, 0x0884, 0x0884, 0x0884, 0x0884, 0x0884, 0x0884, 0x0884, 0x0884, 0x0884, 0x0884, 0x0884,
  0x0884, 0x0884, 0x0884, 0x0884, 0x19A6, 0x55AC, 0x5E2B, 0x5DEB, 0x560B, 0x22A7, 0x0884, 0x0884,
  0x0884, 0x0884, 0x0884, 0x0884, 0x0884, 0x0884, 0x0884, 0x0884, 0x0884, 0x0884, 0x0884, 0x0884,
  0x0884, 0x0884, 0x0884, 0x0884, 0x0884, 0x0884, 0x0884, 0x0884, 0x0884, 0x0884, 0x0884, 0x0884,
  0x0884, 0x0884, 0x0884, 0x0884, 0x0884, 0x08A4, 0x1166, 0x0925, 0x0905, 0x08A4, 0x0884, 0x0884,
  0x0884, 0x0884, 0x0884, 0x0884, 0x0884, 0x0884, 0x0884, 0x0884, 0x0884, 0x2A87, 0x4D4A, 0x564B,
  0x4DEA, 0x560A, 0x5E2B, 0x4CA9, 0x1165, 0x0884, 0x0884, 0x0884, 0x0884, 0x0884, 0x0884, 0x0884,
  0x0884, 0x0884, 0x0884, 0x2247, 0x5DED, 0x5E2D, 0x5E0B, 0x5DCC, 0x19C5, 0x0884, 0x0884, 0x0884,
  0x0884, 0x0884, 0x0884, 0x0884, 0x0884, 0x0884, 0x0884, 0x0884, 0x0884, 0x0884, 0x0884, 0x0884,
  0x0884, 0x0884, 0x0884, 0x0884, 0x0884, 0x0884, 0x0884, 0x0884, 0x0884, 0x0884, 0x0884, 0x0884,
  0x0884, 0x0884, 0x0884, 0x0884, 0x0884, 0x0884, 0x0884, 0x0884, 0x0884, 0x0884, 0x0884, 0x0884,
  0x0884, 0x0884, 0x0884, 0x0884, 0x0884, 0x0884, 0x0884, 0x0884, 0x0884, 0x0884, 0x0884, 0x0884,
  0x0884, 0x0884, 0x0884, 0x08E4, 0x4CCA, 0x5E4C, 0x55EB, 0x662C, 0x3368, 0x0884, 0x0884, 0x0884,
  0x0884, 0x0884, 0x0884, 0x0884, 0x0884, 0x0884, 0x0884, 0x0884, 0x0884, 0x0884, 0x0884, 0x0884,
  0x0884, 0x0884, 0x0884, 0x0884, 0x0884, 0x0884, 0x0884, 0x0884, 0x0884, 0x0884, 0x0884, 0x0884,
  0x0884, 0x0884, 0x0884, 0x0884, 0x0884, 0x0905, 0x14ED, 0x150D, 0x1CAD, 0x1C0B, 0x13AA, 0x1309,
  0x09E7, 0x0905, 0x0884, 0x0884, 0x0884, 0x0884, 0x0884, 0x0884, 0x0884, 0x0884, 0x1125, 0x3408,
  0x562A, 0x560A, 0x55CB, 0x662C, 0x554A, 0x21C6, 0x0884, 0x0884, 0x0884, 0x0884, 0x0884, 0x0884,
  0x0884, 0x0884, 0x0884, 0x0884, 0x32E8, 0x5E2D, 0x560C, 0x5E4C, 0x44C9, 0x08E4, 0x0884, 0x0884,
  0x0884, 0x0884, 0x0884, 0x0884, 0x0884, 0x0884, 0x0884, 0x0884, 0x0884, 0x0884, 0x0884, 0x0884,
  0x0884, 0x0884, 0x0884, 0x0884, 0x0884, 0x0884, 0x0884, 0x0884, 0x0884, 0x0884, 0x0884, 0x0884,
  0x0884, 0x0884, 0x0884, 0x0884, 0x0884, 0x0884, 0x0884, 0x0884, 0x0884, 0x0884, 0x0884, 0x0884,
  0x0884, 0x0884, 0x0884, 0x0884, 0x0884, 0x0884, 0x0884, 0x0884, 0x0884, 0x0884, 0x0884, 0x0884,
  0x0884, 0x0884, 0x0884, 0x3B89, 0x5E4C, 0x4E0A, 0x5E6D, 0x4C6B, 0x08A4, 0x0884, 0x0884, 0x0884,
  0x0884, 0x0884, 0x0884, 0x0884, 0x0884, 0x0884, 0x0884, 0x0884, 0x0884, 0x0884, 0x0884, 0x0884,
  0x0884, 0x0884, 0x0884, 0x0884, 0x0884, 0x0884, 0x0884, 0x0884, 0x0884, 0x0884, 0x0884, 0x0884,
  0x0884, 0x0884, 0x0884, 0x0884, 0x0884, 0x0925, 0x0D4E, 0x15CF, 0x1D8F, 0x1DAF, 0x15AF, 0x156E,
  0x150D, 0x1CCD, 0x136A, 0x1248, 0x08A4, 0x0884, 0x0884, 0x0884, 0x0884, 0x0884, 0x0884, 0x0884,
  0x2AC6, 0x55AB, 0x5E2B, 0x55EB, 0x5E2B, 0x558C, 0x2206, 0x0884, 0x0884, 0x0884, 0x0884, 0x0884,
  0x0884, 0x0884, 0x0884, 0x0884, 0x0884, 0x442A, 0x5E4C, 0x560B, 0x564B, 0x3388, 0x0884, 0x0884,
  0x0884, 0x0884, 0x0884, 0x0884, 0x0884, 0x0884, 0x0884, 0x0884, 0x0884, 0x0884, 0x0884, 0x0884,
  0x0884, 0x0884, 0x0884, 0x0884, 0x0884, 0x0884, 0x0884, 0x0884, 0x0884, 0x0884, 0x0884, 0x0884,
  0x0884, 0x0884, 0x0884, 0x0884, 0x0884, 0x0884, 0x0884, 0x0884, 0x0884, 0x0884, 0x0884, 0x0884,
  0x0884, 0x0884, 0x0884, 0x0884, 0x0884, 0x0884, 0x0884, 0x0884, 0x0884, 0x0884, 0x0884, 0x0884,
  0x0884, 0x0884, 0x19A6, 0x4DCC, 0x4E0B, 0x562B, 0x558C, 0x1145, 0x0884, 0x0884, 0x0884, 0x0884,
  0x0884, 0x0884, 0x0884, 0x0884, 0x0884, 0x0884, 0x0884, 0x0884, 0x0884, 0x0884, 0x0884, 0x0884,
  0x0884, 0x0884, 0x0884, 0x0884, 0x0884, 0x0884, 0x0884, 0x0884, 0x0884, 0x0884, 0x0884, 0x0884,
  0x0884, 0x0884, 0x0884, 0x0884, 0x0884, 0x0925, 0x156F, 0x1DF0, 0x158F, 0x0D8E, 0x154E, 0x1D4E,
  0x1D4E, 0x156F, 0x0DAF, 0x15B0, 0x1C8E, 0x1288, 0x08C4, 0x0884, 0x0884, 0x0884, 0x0884, 0x0884,
  0x0884, 0x19C6, 0x4D2A, 0x5E4B, 0x5DEA, 0x5E2B, 0x4DAA, 0x19C5, 0x0884, 0x0884, 0x0884, 0x0884,
  0x0884, 0x0884, 0x0884, 0x0884, 0x0884, 0x1124, 0x552B, 0x560B, 0x55EB, 0x4DAA, 0x19E6, 0x0884,
  0x0884, 0x0884, 0x0884, 0x0884, 0x0884, 0x0884, 0x0884, 0x0884, 0x0884, 0x0884, 0x0884, 0x0884,
  0x0884, 0x0884, 0x0884, 0x0884, 0x0884, 0x0884, 0x0884, 0x0884, 0x0884, 0x0884, 0x0884, 0x0884,
  0x0884, 0x0884, 0x0884, 0x0884, 0x0884, 0x0884, 0x0884, 0x0884, 0x0884, 0x0884, 0x0884, 0x0884,
  0x0884, 0x0884, 0x0884, 0x0884, 0x0884, 0x0884, 0x0884, 0x0884, 0x0884, 0x0884, 0x0884, 0x0884,
  0x0884, 0x08A4, 0x3CA9, 0x4E2C, 0x4DEB, 0x664C, 0x2AA8, 0x0884, 0x0884, 0x0884, 0x0884, 0x0884,
  0x0884, 0x0884, 0x0884, 0x0884, 0x0884, 0x0884, 0x0884, 0x0884, 0x0884, 0x0884, 0x0884, 0x0884,
  0x0884, 0x0884, 0x0884, 0x0884, 0x0884, 0x0884, 0x0884, 0x0884, 0x0884, 0x0884, 0x0884, 0x0884,
  0x0884, 0x0884, 0x0884, 0x0884, 0x0884, 0x08C4, 0x1268, 0x0AC9, 0x02C8, 0x0349, 0x14AC, 0x14ED,
  0x156F, 0x15F0, 0x156F, 0x1D6F, 0x1D8F, 0x15D0, 0x0C6C, 0x0A07, 0x0884, 0x0884, 0x0884, 0x0884,
  0x0884, 0x0884, 0x1105, 0x4CAA, 0x664C, 0x55EA, 0x562B, 0x4529, 0x1145, 0x0884, 0x0884, 0x0884,
  0x0884, 0x0884, 0x0884, 0x0884, 0x0884, 0x0884, 0x2267, 0x4DEC, 0x55CA, 0x5E2B, 0x3CA9, 0x08C4,
  0x0884, 0x0884, 0x0884, 0x0884, 0x0884, 0x0884, 0x0884, 0x0884, 0x0884, 0x0884, 0x0884, 0x0884,
  0x0884, 0x0884, 0x0884, 0x0884, 0x0884, 0x0884, 0x0884, 0x0884, 0x0884, 0x0884, 0x0884, 0x0884,
  0x0884, 0x0884, 0x0884, 0x0884, 0x0884, 0x0884, 0x0884, 0x0884, 0x0884, 0x0884, 0x0884, 0x0884,
  0x0884, 0x0884, 0x0884, 0x0884, 0x0884, 0x0884, 0x0884, 0x0884, 0x0884, 0x0884, 0x0884, 0x0884,
  0x0884, 0x2287, 0x4E0A, 0x4DCA, 0x562B, 0x3C69, 0x08A4, 0x0884, 0x0884, 0x0884, 0x0884, 0x0884,
  0x0884, 0x0884, 0x0884, 0x0884, 0x0884, 0x0884, 0x0884, 0x0884, 0x0884, 0x0884, 0x0884, 0x0884,
  0x0884, 0x0884, 0x0884, 0x0884, 0x0884, 0x0884, 0x0884, 0x0884, 0x0884, 0x0884, 0x0884, 0x0884,
  0x0884, 0x0884, 0x0884, 0x0884, 0x0884, 0x0884, 0x0884, 0x0884, 0x0884, 0x0884, 0x08E4, 0x0925,
  0x1A68, 0x142C, 0x0D6E, 0x1DD0, 0x256F, 0x1D2F, 0x1D2E, 0x150E, 0x0B8A, 0x0945, 0x0884, 0x0884,
  0x0884, 0x0884, 0x0884, 0x1104, 0x3CA9, 0x564B, 0x55CA, 0x5E0B, 0x44A9, 0x08E4, 0x0884, 0x0884,
  0x0884, 0x0884, 0x0884, 0x0884, 0x0884, 0x0884, 0x0884, 0x3C09, 0x564B, 0x55CA, 0x562C, 0x2AC8,
  0x0884, 0x0884, 0x0884, 0x0884, 0x0884, 0x0884, 0x0884, 0x0884, 0x0884, 0x0884, 0x0884, 0x0884,
  0x0884, 0x0884, 0x0884, 0x0884, 0x0884, 0x0884, 0x0884, 0x0884, 0x0884, 0x0884, 0x0884, 0x0884,
  0x0884, 0x0884, 0x0884, 0x0884, 0x0884, 0x0884, 0x0884, 0x0884, 0x0884, 0x0884, 0x0884, 0x0884,
  0x0884, 0x0884, 0x0884, 0x0884, 0x0884, 0x0884, 0x0884, 0x0884, 0x0884, 0x0884, 0x0884, 0x0884,
  0x10E5, 0x44E9, 0x464A, 0x4DEA, 0x4569, 0x19A5, 0x0884, 0x0884, 0x0884, 0x0884, 0x0884, 0x0884,
  0x0884, 0x0884, 0x0884, 0x0884, 0x0884, 0x0884, 0x0884, 0x0884, 0x0884, 0x0884, 0x0884, 0x0884,
  0x0884, 0x0884, 0x0884, 0x0884, 0x0884, 0x0884, 0x0884, 0x0884, 0x0884, 0x0884, 0x0884, 0x0884,
  0x0884, 0x0884, 0x0884, 0x0884, 0x0884, 0x0884, 0x0884, 0x0884, 0x0884, 0x0884, 0x0884, 0x0884,
  0x0884, 0x0884, 0x0986, 0x132A, 0x1CCE, 0x1D4F, 0x252F, 0x1D2F, 0x0D8F, 0x0CCD, 0x11C7, 0x0884,
  0x0884, 0x0884, 0x0884, 0x0884, 0x1145, 0x452A, 0x5DEB, 0x5DCB, 0x5E4B, 0x3BE8, 0x0884, 0x0884,
  0x0884, 0x0884, 0x0884, 0x0884, 0x0884, 0x0884, 0x0884, 0x19A6, 0x4DAB, 0x560B, 0x560C, 0x4D2B,
  0x08E4, 0x0884, 0x0884, 0x0884, 0x0884, 0x0884, 0x0884, 0x0884, 0x0884, 0x0884, 0x0884, 0x0884,
  0x0884, 0x0884, 0x0884, 0x0884, 0x0884, 0x0884, 0x0884, 0x0884, 0x0884, 0x0884, 0x0884, 0x0884,
  0x0884, 0x0884, 0x0884, 0x0884, 0x0884, 0x0884, 0x0884, 0x0884, 0x0884, 0x0884, 0x0884, 0x0884,
  0x0884, 0x0884, 0x0884, 0x0884, 0x0884, 0x0884, 0x0884, 0x0884, 0x0884, 0x0884, 0x0884, 0x0884,
  0x2AE7, 0x4E6B, 0x45E9, 0x5649, 0x33A7, 0x0884, 0x0884, 0x0884, 0x0884, 0x0884, 0x0884, 0x0884,
  0x0884, 0x0884, 0x0884, 0x0884, 0x0884, 0x0884, 0x0884, 0x0884, 0x0884, 0x0884, 0x0884, 0x0884,
  0x0884, 0x0884, 0x0884, 0x0884, 0x0884, 0x0884, 0x0884, 0x0884, 0x0884, 0x0884, 0x0884, 0x0884,
  0x0884, 0x0884, 0x0884, 0x0884, 0x0884, 0x0884, 0x0884, 0x0884, 0x0884, 0x0884, 0x0884, 0x0884,
  0x08A4, 0x0884, 0x0884, 0x0884, 0x0945, 0x138A, 0x150E, 0x1D2F, 0x150E, 0x15AF, 0x150E, 0x1248,
  0x0884, 0x0884, 0x0884, 0x0884, 0x0884, 0x19C6, 0x55CB, 0x55EB, 0x560A, 0x562A, 0x2246, 0x0884,
  0x0884, 0x0884, 0x0884, 0x0884, 0x0884, 0x0884, 0x0884, 0x0884, 0x33A8, 0x562C, 0x560B, 0x5E6D,
  0x2B08, 0x0884, 0x0884, 0x0884, 0x0884, 0x0884, 0x0884, 0x0884, 0x0884, 0x0884, 0x0884, 0x0884,
  0x0884, 0x0884, 0x0884, 0x0884, 0x0884, 0x0884, 0x0884, 0x0884, 0x0884, 0x0884, 0x0884, 0x0884,
  0x0884, 0x0884, 0x0884, 0x0884, 0x0884, 0x0884, 0x0884, 0x0884, 0x0884, 0x0884, 0x0884, 0x0884,
  0x0884, 0x0884, 0x0884, 0x0884, 0x0884, 0x0884, 0x0884, 0x0884, 0x0884, 0x0884, 0x0884, 0x08C4,
  0x450A, 0x4E2A, 0x4DE9, 0x45A9, 0x1185, 0x0884, 0x0884, 0x0884, 0x0884, 0x0884, 0x0884, 0x0884,
  0x0884, 0x0884, 0x0884, 0x0884, 0x0884, 0x0884, 0x0884, 0x0884, 0x0884, 0x0884, 0x0884, 0x0884,
  0x0884, 0x0884, 0x0884, 0x0884, 0x0884, 0x0884, 0x0884, 0x0884, 0x0884, 0x0884, 0x0884, 0x0884,
  0x0884, 0x0884, 0x0884, 0x0884, 0x0884, 0x08E5, 0x1B4B, 0x130A, 0x1289, 0x0A28, 0x0966, 0x0884,
  0x0884, 0x0884, 0x0884, 0x0884, 0x0884, 0x0884, 0x0A07, 0x1C6D, 0x25B0, 0x156F, 0x15B0, 0x1D6F,
  0x12A9, 0x0884, 0x0884, 0x0884, 0x0884, 0x0884, 0x22A7, 0x560B, 0x560B, 0x564B, 0x4D4A, 0x08E4,
  0x0884, 0x0884, 0x0884, 0x0884, 0x0884, 0x0884, 0x0884, 0x0884, 0x1125, 0x558C, 0x560B, 0x564B,
  0x4D0B, 0x08E4, 0x0884, 0x0884, 0x0884, 0x0884, 0x0884, 0x0884, 0x0884, 0x0884, 0x0884, 0x0884,
  0x0884, 0x0884, 0x0884, 0x0884, 0x0884, 0x0884, 0x0884, 0x0884, 0x0884, 0x0884, 0x0884, 0x0884,
  0x0884, 0x0884, 0x0884, 0x0884, 0x0884, 0x0884, 0x0884, 0x0884, 0x0884, 0x0884, 0x0884, 0x0884,
  0x0884, 0x0884, 0x0884, 0x0884, 0x0884, 0x0884, 0x0884, 0x0884, 0x0884, 0x0884, 0x0884, 0x2A87,
  0x4E2B, 0x4E0A, 0x5E0A, 0x33A8, 0x0884, 0x0884, 0x0884, 0x0884, 0x0884, 0x0884, 0x0884, 0x0884,
  0x0884, 0x0884, 0x0884, 0x0884, 0x0884, 0x0884, 0x0884, 0x0884, 0x0884, 0x0884, 0x0884, 0x0884,
  0x0884, 0x0884, 0x0884, 0x0884, 0x0884, 0x0884, 0x0884, 0x0884, 0x0884, 0x0884, 0x0884, 0x0884,
  0x0884, 0x0884, 0x0884, 0x0884, 0x0884, 0x0905, 0x0CAD, 0x152F, 0x154F, 0x0DB0, 0x152F, 0x142D,
  0x0AC9, 0x0925, 0x0884, 0x0884, 0x0884, 0x0884, 0x0884, 0x1125, 0x140C, 0x15D0, 0x156F, 0x158F,
  0x158F, 0x1AA9, 0x0884, 0x0884, 0x0884, 0x0884, 0x0884, 0x2B87, 0x5E6C, 0x55EB, 0x5E6C, 0x33A9,
  0x0884, 0x0884, 0x0884, 0x0884, 0x0884, 0x0884, 0x0884, 0x0884, 0x0884, 0x3329, 0x5E4D, 0x55EB,
  0x662C, 0x2AA7, 0x0884, 0x0884, 0x0884, 0x0884, 0x0884, 0x0884, 0x0884, 0x0884, 0x0884, 0x0884,
  0x0884, 0x0884, 0x0884, 0x0884, 0x0884, 0x0884, 0x0884, 0x0884, 0x0884, 0x0884, 0x0884, 0x0884,
  0x0884, 0x0884, 0x0884, 0x0884, 0x0884, 0x0884, 0x0884, 0x0884, 0x0884, 0x0884, 0x0884, 0x0884,
  0x0884, 0x0884, 0x0884, 0x0884, 0x0884, 0x0884, 0x0884, 0x0884, 0x0884, 0x0884, 0x08A4, 0x446A,
  0x566C, 0x560B, 0x4D6A, 0x1165, 0x0884, 0x0884, 0x0884, 0x0884, 0x0884, 0x0884, 0x0884, 0x0884,
  0x0884, 0x0884, 0x0884, 0x0884, 0x0884, 0x0884, 0x0884, 0x0884, 0x0884, 0x0884, 0x0884, 0x0884,
  0x0884, 0x0884, 0x0884, 0x0884, 0x0884, 0x0884, 0x0884, 0x0884, 0x0884, 0x0884, 0x0884, 0x0884,
  0x0884, 0x0884, 0x0884, 0x0884, 0x0884, 0x0925, 0x150E, 0x1D91, 0x1DB1, 0x1DB1, 0x1570, 0x1DF1,
  0x0D90, 0x1CEF, 0x0B2A, 0x0945, 0x0884, 0x0884, 0x0884, 0x0884, 0x08A4, 0x0B6B, 0x1590, 0x1D6F,
  0x156F, 0x150E, 0x1207, 0x0884, 0x0884, 0x0884, 0x0884, 0x08E4, 0x4CEA, 0x5E2D, 0x562C, 0x5DEB,
  0x19A5, 0x0884, 0x0884, 0x0884, 0x0884, 0x0884, 0x0884, 0x0884, 0x0884, 0x1125, 0x5DAC, 0x5E0B,
  0x664C, 0x44AA, 0x08A4, 0x0884, 0x0884, 0x0884, 0x0884, 0x0884, 0x0884, 0x0884, 0x0884, 0x0884,
  0x0884, 0x0884, 0x0884, 0x0884, 0x0884, 0x0884, 0x0884, 0x0884, 0x0884, 0x0884, 0x0884, 0x0884,
  0x0884, 0x0884, 0x0884, 0x0884, 0x0884, 0x0884, 0x0884, 0x0884, 0x0884, 0x0884, 0x0884, 0x0884,
  0x0884, 0x0884, 0x0884, 0x0884, 0x0884, 0x0884, 0x0884, 0x0884, 0x0884, 0x0884, 0x19C6, 0x5DEC,
  0x560B, 0x5E6C, 0x3C09, 0x0884, 0x0884, 0x0884, 0x0884, 0x0884, 0x0884, 0x0884, 0x0884, 0x0884,
  0x0884, 0x0884, 0x0884, 0x0884, 0x0884, 0x0884, 0x0884, 0x0884, 0x0884, 0x0884, 0x0884, 0x0884,
  0x0884, 0x0884, 0x0884, 0x0884, 0x0884, 0x0884, 0x0884, 0x0884, 0x0884, 0x0884, 0x0884, 0x0884,
  0x0884, 0x0884, 0x0884, 0x0884, 0x0884, 0x08E5, 0x044C, 0x0CEE, 0x0CEE, 0x0D90, 0x15F2, 0x0D90,
  0x1570, 0x150F, 0x0D6F, 0x0C8D, 0x1268, 0x0884, 0x0884, 0x0884, 0x0884, 0x0884, 0x132A, 0x1D70,
  0x1D2F, 0x156F, 0x0CAD, 0x0966, 0x0884, 0x0884, 0x0884, 0x0884, 0x21C6, 0x5E0D, 0x560C, 0x5E6C,
  0x4449, 0x0884, 0x0884, 0x0884, 0x0884, 0x0884, 0x0884, 0x0884, 0x0884, 0x0884, 0x3BA9, 0x662D,
  0x5E0B, 0x55EB, 0x21E6, 0x0884, 0x0884, 0x0884, 0x0884, 0x0884, 0x0884, 0x0884, 0x0884, 0x0884,
  0x0884, 0x0884, 0x0884, 0x0884, 0x0884, 0x0884, 0x0884, 0x0884, 0x0884, 0x0884, 0x0884, 0x0884,
  0x0884, 0x0884, 0x0884, 0x0884, 0x0884, 0x0884, 0x0884, 0x0884, 0x0884, 0x0884, 0x0884, 0x0884,
  0x0884, 0x0884, 0x0884, 0x0884, 0x0884, 0x0884, 0x0884, 0x0884, 0x0884, 0x0884, 0x3BC9, 0x5E6C,
  0x562B, 0x562B, 0x2226, 0x0884, 0x0884, 0x0884, 0x0884, 0x0884, 0x0884, 0x0884, 0x0884, 0x0884,
  0x0884, 0x0884, 0x0884, 0x0884, 0x0884, 0x0884, 0x0884, 0x0884, 0x0884, 0x0884, 0x0884, 0x0884,
  0x0884, 0x0884, 0x0884, 0x0884, 0x0884, 0x0884, 0x0884, 0x0884, 0x0884, 0x0884, 0x0884, 0x0884,
  0x0884, 0x0884, 0x0884, 0x0884, 0x0884, 0x0884, 0x08A4, 0x08C4, 0x0925, 0x0A08, 0x132A, 0x0C8E,
  0x0D70, 0x1570, 0x150F, 0x156F, 0x1D90, 0x138B, 0x08C4, 0x0884, 0x0884, 0x0884, 0x0884, 0x136A,
  0x1D6F, 0x1D4F, 0x156F, 0x140C, 0x08A4, 0x0884, 0x0884, 0x0884, 0x0884, 0x4429, 0x668B, 0x4E0A,
  0x55CB, 0x19E6, 0x0884, 0x0884, 0x0884, 0x0884, 0x0884, 0x0884, 0x0884, 0x0884, 0x19A6, 0x55EC,
  0x560A, 0x5E4B, 0x3368, 0x0884, 0x0884, 0x0884, 0x0884, 0x0884, 0x0884, 0x0884, 0x0884, 0x0884,
  0x0884, 0x0884, 0x0884, 0x0884, 0x0884, 0x0884, 0x0884, 0x0884, 0x0884, 0x0884, 0x0884, 0x0884,
  0x0884, 0x0884, 0x0884, 0x0884, 0x0884, 0x0884, 0x0884, 0x0884, 0x0884, 0x0884, 0x0884, 0x0884,
  0x0884, 0x0884, 0x0884, 0x0884, 0x0884, 0x0884, 0x0884, 0x0884, 0x0884, 0x10E4, 0x554A, 0x5E2B,
  0x564C, 0x4D2A, 0x08A4, 0x0884, 0x0884, 0x0884, 0x0884, 0x0884, 0x0884, 0x0884, 0x0884, 0x0884,
  0x0884, 0x0884, 0x0884, 0x0884, 0x0884, 0x0884, 0x0884, 0x0884, 0x0884, 0x0884, 0x0884, 0x0884,
  0x0884, 0x0884, 0x0884, 0x0884, 0x0884, 0x0884, 0x0884, 0x0884, 0x0884, 0x0884, 0x0884, 0x0884,
  0x0884, 0x0884, 0x0884, 0x0884, 0x0884, 0x0884, 0x0884, 0x0884, 0x0884, 0x0884, 0x0884, 0x08E5,
  0x0A68, 0x0C8D, 0x1590, 0x156F, 0x1D70, 0x15D1, 0x0C0C, 0x08C4, 0x0884, 0x0884, 0x0884, 0x08E5,
  0x144D, 0x152F, 0x1D2F, 0x1570, 0x12E9, 0x0884, 0x0884, 0x0884, 0x0884, 0x19A5, 0x562A, 0x4E0A,
  0x4E4C, 0x3409, 0x0884, 0x0884, 0x0884, 0x0884, 0x0884, 0x0884, 0x0884, 0x0884, 0x08A4, 0x44CA,
  0x5E6B, 0x55EA, 0x452A, 0x08E4, 0x0884, 0x0884, 0x0884, 0x0884, 0x0884, 0x0884, 0x0884, 0x0884,
  0x0884, 0x0884, 0x0884, 0x0884, 0x0884, 0x0884, 0x0884, 0x0884, 0x0884, 0x0884, 0x0884, 0x0884,
  0x0884, 0x0884, 0x0884, 0x0884, 0x0884, 0x0884, 0x0884, 0x0884, 0x0884, 0x0884, 0x0884, 0x0884,
  0x0884, 0x0884, 0x0884, 0x0884, 0x0884, 0x0884, 0x0884, 0x0884, 0x0884, 0x2266, 0x5E0B, 0x55EA,
  0x566C, 0x2B07, 0x0884, 0x0884, 0x0884, 0x0884, 0x0884, 0x0884, 0x0884, 0x0884, 0x0884, 0x0884,
  0x0884, 0x0884, 0x0884, 0x0884, 0x0884, 0x0884, 0x0884, 0x0884, 0x0884, 0x0884, 0x0884, 0x0884,
  0x0884, 0x0884, 0x0884, 0x0884, 0x0884, 0x0884, 0x0884, 0x0884, 0x0884, 0x0884, 0x0884, 0x0884,
  0x0884, 0x0884, 0x0884, 0x0884, 0x0884, 0x0884, 0x0884, 0x0884, 0x0884, 0x0884, 0x0884, 0x0884,
  0x0884, 0x08E5, 0x0B4A, 0x1590, 0x1D91, 0x1D91, 0x1DF2, 0x142D, 0x08E4, 0x0884, 0x0884, 0x0884,
  0x0986, 0x14AD, 0x1D2F, 0x1590, 0x1CEF, 0x0925, 0x0884, 0x0884, 0x0884, 0x0884, 0x3449, 0x564B,
  0x4DEB, 0x4DAB, 0x1985, 0x0884, 0x0884, 0x0884, 0x0884, 0x0884, 0x0884, 0x0884, 0x0884, 0x3368,
  0x5E0B, 0x55EB, 0x4DEA, 0x1A06, 0x0884, 0x0884, 0x0884, 0x0884, 0x0884, 0x0884, 0x0884, 0x0884,
  0x0884, 0x0884, 0x0884, 0x0884, 0x0884, 0x0884, 0x0884, 0x0884, 0x0884, 0x0884, 0x0884, 0x0884,
  0x0884, 0x0884, 0x0884, 0x0884, 0x0884, 0x0884, 0x0884, 0x0884, 0x0884, 0x0884, 0x0884, 0x0884,
  0x0884, 0x0884, 0x0884, 0x0884, 0x0884, 0x0884, 0x0884, 0x0884, 0x0884, 0x2B67, 0x4E6A, 0x4E0A,
  0x4E2B, 0x19E6, 0x0884, 0x0884, 0x0884, 0x0884, 0x0884, 0x0884, 0x0884, 0x0884, 0x0884, 0x0884,
  0x0884, 0x0884, 0x0884, 0x0884, 0x0884, 0x0884, 0x0884, 0x0884, 0x0884, 0x0884, 0x0884, 0x0884,
  0x0884, 0x0884, 0x0884, 0x0884, 0x0884, 0x0884, 0x0884, 0x0884, 0x0884, 0x0884, 0x0884, 0x0884,
  0x0884, 0x0884, 0x0884, 0x0884, 0x0884, 0x08C4, 0x0AC9, 0x09E7, 0x1105, 0x0884, 0x0884, 0x0884,
  0x0884, 0x0884, 0x0884, 0x1207, 0x154F, 0x15D1, 0x1570, 0x15D1, 0x0BAB, 0x08A4, 0x0884, 0x0884,
  0x0884, 0x0AC9, 0x15B0, 0x1D70, 0x1DB0, 0x132A, 0x0884, 0x0884, 0x0884, 0x0884, 0x1A26, 0x4DEA,
  0x55EB, 0x562B, 0x3388, 0x0884, 0x0884, 0x0884, 0x0884, 0x0884, 0x0884, 0x0884, 0x0884, 0x19E6,
  0x55EB, 0x55EB, 0x564B, 0x33A8, 0x0884, 0x0884, 0x0884, 0x0884, 0x0884, 0x0884, 0x0884, 0x0884,
  0x0884, 0x0884, 0x0884, 0x0884, 0x0884, 0x0884, 0x0884, 0x0884, 0x0884, 0x0884, 0x0884, 0x0884,
  0x0884, 0x0884, 0x0884, 0x0884, 0x0884, 0x0884, 0x0884, 0x0884, 0x0884, 0x0884, 0x0884, 0x0884,
  0x0884, 0x0884, 0x0884, 0x0884, 0x0884, 0x0884, 0x0884, 0x0884, 0x08A4, 0x3CEA, 0x4E2A, 0x566B,
  0x3D08, 0x0904, 0x0884, 0x0884, 0x0884, 0x0884, 0x0884, 0x10E4, 0x1165, 0x19E6, 0x1A26, 0x1A06,
  0x1A06, 0x19E6, 0x11A5, 0x1125, 0x10E4, 0x0884, 0x0884, 0x0884, 0x0884, 0x0884, 0x0884, 0x0884,
  0x0884, 0x0884, 0x0884, 0x0884, 0x0884, 0x0884, 0x0884, 0x0884, 0x0884, 0x0884, 0x0884, 0x0884,
  0x0884, 0x0884, 0x0884, 0x0884, 0x0884, 0x0905, 0x0D70, 0x1570, 0x14AE, 0x0C2D, 0x0A48, 0x08A4,
  0x0884, 0x0884, 0x0884, 0x0884, 0x09A6, 0x150F, 0x1DB1, 0x1D70, 0x1590, 0x0AA9, 0x0884, 0x0884,
  0x0884, 0x08E4, 0x0CAD, 0x15D1, 0x15B0, 0x1D4F, 0x0925, 0x0884, 0x0884, 0x0884, 0x08E4, 0x452A,
  0x55EB, 0x562B, 0x3CA9, 0x0884, 0x0884, 0x0884, 0x0884, 0x0884, 0x0884, 0x0884, 0x0884, 0x1105,
  0x452A, 0x55EA, 0x564B, 0x3C69, 0x08A4, 0x0884, 0x0884, 0x0884, 0x0884, 0x0884, 0x0884, 0x0884,
  0x0884, 0x0884, 0x0884, 0x0884, 0x0884, 0x0884, 0x0884, 0x0884, 0x0884, 0x0884, 0x0884, 0x0884,
  0x0884, 0x0884, 0x0884, 0x0884, 0x0884, 0x0884, 0x0884, 0x0884, 0x0884, 0x0884, 0x0884, 0x0884,
  0x0884, 0x0884, 0x0884, 0x0884, 0x0884, 0x0884, 0x0884, 0x0884, 0x1125, 0x558B, 0x55EA, 0x5E6B,
  0x3447, 0x0884, 0x0884, 0x1145, 0x2266, 0x3BC9, 0x446A, 0x4CEA, 0x55AB, 0x560B, 0x564B, 0x562B,
  0x562B, 0x4E2A, 0x4DEA, 0x4D6A, 0x4CA9, 0x4469, 0x4429, 0x3B68, 0x2226, 0x1145, 0x0884, 0x0884,
  0x0884, 0x0884, 0x0884, 0x0884, 0x0884, 0x0884, 0x0884, 0x0884, 0x0884, 0x0884, 0x0884, 0x0884,
  0x0884, 0x0884, 0x0884, 0x0884, 0x0884, 0x08E5, 0x150F, 0x1570, 0x1570, 0x0570, 0x0D4F, 0x146D,
  0x09A6, 0x0884, 0x0884, 0x0884, 0x0884, 0x11E7, 0x154F, 0x1570, 0x1550, 0x0CEE, 0x0966, 0x0884,
  0x0884, 0x0884, 0x0A88, 0x15D0, 0x1590, 0x0DB0, 0x12E9, 0x0884, 0x0884, 0x0884, 0x0884, 0x3388,
  0x562C, 0x4DEB, 0x4DAB, 0x1986, 0x0884, 0x0884, 0x0884, 0x0884, 0x0884, 0x0884, 0x0884, 0x0884,
  0x33C8, 0x4E0B, 0x560B, 0x4D4A, 0x1145, 0x0884, 0x0884, 0x0884, 0x0884, 0x0884, 0x0884, 0x0884,
  0x0884, 0x0884, 0x0884, 0x0884, 0x0884, 0x0884, 0x0884, 0x0884, 0x0884, 0x0884, 0x0884, 0x0884,
  0x0884, 0x0884, 0x0884, 0x0884, 0x0884, 0x0884, 0x0884, 0x0884, 0x0884, 0x0884, 0x0884, 0x0884,
  0x0884, 0x0884, 0x0884, 0x0884, 0x0884, 0x0884, 0x0884, 0x0884, 0x2206, 0x55CB, 0x55EA, 0x5629,
  0x33C7, 0x2286, 0x3C69, 0x55CB, 0x562B, 0x566B, 0x566C, 0x564B, 0x560B, 0x55EB, 0x55EA, 0x55CA,
  0x55EA, 0x55CA, 0x55EA, 0x562A, 0x562B, 0x562B, 0x564B, 0x5E4B, 0x5DEB, 0x5DCB, 0x54CA, 0x3348,
  0x2226, 0x08E4, 0x0884, 0x0884, 0x0884, 0x0884, 0x0884, 0x0884, 0x0884, 0x0884, 0x0884, 0x0884,
  0x0884, 0x0884, 0x0884, 0x0884, 0x0884, 0x0905, 0x0D2F, 0x1570, 0x1570, 0x1591, 0x1D70, 0x15D1,
  0x152F, 0x1228, 0x0884, 0x0884, 0x0884, 0x0884, 0x0AE9, 0x1570, 0x1530, 0x0D90, 0x0BCB, 0x0884,
  0x0884, 0x0884, 0x08C4, 0x148D, 0x1590, 0x0DD0, 0x0C0C, 0x08A4, 0x0884, 0x0884, 0x0884, 0x2247,
  0x55EC, 0x560B, 0x5E6C, 0x22A7, 0x0884, 0x0884, 0x0884, 0x0884, 0x0884, 0x0884, 0x0884, 0x0884,
  0x2AE7, 0x562C, 0x4DEA, 0x5E4C, 0x2206, 0x0884, 0x0884, 0x0884, 0x0884, 0x0884, 0x0884, 0x0884,
  0x0884, 0x0884, 0x0884, 0x0884, 0x0884, 0x0884, 0x0884, 0x0884, 0x0884, 0x0884, 0x0884, 0x0884,
  0x0884, 0x0884, 0x0884, 0x0884, 0x0884, 0x0884, 0x0884, 0x0884, 0x0884, 0x0884, 0x0884, 0x0884,
  0x0884, 0x0884, 0x0884, 0x0884, 0x0884, 0x0884, 0x0884, 0x0884, 0x3347, 0x564B, 0x4E09, 0x4E08,
  0x45C9, 0x4E4A, 0x562B, 0x560A, 0x4E0A, 0x4E2A, 0x562A, 0x564A, 0x5E6B, 0x5E6B, 0x566B, 0x566B,
  0x564B, 0x564B, 0x564B, 0x4E2A, 0x4E2B, 0x4E2B, 0x560A, 0x560A, 0x5E0B, 0x5DEB, 0x662B, 0x5E6C,
  0x562B, 0x4529, 0x3BE8, 0x2226, 0x08E4, 0x0884, 0x0884, 0x0884, 0x0884, 0x0884, 0x0884, 0x0884,
  0x0884, 0x0884, 0x0884, 0x0884, 0x0884, 0x08A4, 0x01A6, 0x0A07, 0x132A, 0x14CF, 0x1DD1, 0x1D70,
  0x1570, 0x1550, 0x1248, 0x0884, 0x0884, 0x0884, 0x08A4, 0x13EC, 0x1D71, 0x1550, 0x1570, 0x09A7,
  0x0884, 0x08A4, 0x0884, 0x12EA, 0x15D0, 0x0D4F, 0x154F, 0x11A7, 0x0884, 0x0884, 0x0884, 0x08E4,
  0x4D2B, 0x564C, 0x566C, 0x3409, 0x0884, 0x0884, 0x0884, 0x0884, 0x0884, 0x0884, 0x0884, 0x0884,
  0x19C6, 0x4DAB, 0x560B, 0x5E4C, 0x2AC7, 0x0884, 0x0884, 0x0884, 0x0884, 0x0884, 0x0884, 0x0884,
  0x0884, 0x0884, 0x0884, 0x0884, 0x0884, 0x0884, 0x0884, 0x0884, 0x0884, 0x0884, 0x0884, 0x0884,
  0x0884, 0x0884, 0x0884, 0x0884, 0x0884, 0x0884, 0x0884, 0x0884, 0x0884, 0x0884, 0x0884, 0x0884,
  0x0884, 0x0884, 0x0884, 0x0884, 0x0884, 0x0884, 0x0884, 0x0884, 0x3429, 0x566C, 0x560A, 0x5629,
  0x562A, 0x4DEB, 0x4DEB, 0x564B, 0x4E4B, 0x4E0B, 0x4D4A, 0x3C28, 0x2B67, 0x2B27, 0x22E7, 0x1AC6,
  0x1AE7, 0x2327, 0x2307, 0x2347, 0x33E7, 0x3CA9, 0x558B, 0x5E0C, 0x662C, 0x666C, 0x5E2B, 0x560B,
  0x4E2B, 0x562B, 0x562B, 0x562A, 0x4509, 0x2B47, 0x1165, 0x0884, 0x0884, 0x0884, 0x0884, 0x0884,
  0x0884, 0x0884, 0x0884, 0x0884, 0x0884, 0x0884, 0x0884, 0x0884, 0x0884, 0x0946, 0x0BAB, 0x15B1,
  0x1D70, 0x1D90, 0x14EF, 0x1187, 0x0884, 0x0884, 0x0884, 0x09E7, 0x1550, 0x1D70, 0x15F1, 0x034A,
  0x0884, 0x0884, 0x0884, 0x09C7, 0x152F, 0x1D6F, 0x1D70, 0x1269, 0x0884, 0x0884, 0x0884, 0x0884,
  0x446A, 0x5E4C, 0x5E2B, 0x4D6A, 0x08A4, 0x0884, 0x0884, 0x0884, 0x0884, 0x0884, 0x0884, 0x0884,
  0x1125, 0x4D2A, 0x5E2C, 0x564B, 0x33C8, 0x0884, 0x0884, 0x0884, 0x0884, 0x0884, 0x0884, 0x0884,
  0x0884, 0x0884, 0x0884, 0x0884, 0x0884, 0x0884, 0x0884, 0x0884, 0x0884, 0x0884, 0x0884, 0x0884,
  0x0884, 0x0884, 0x0884, 0x0884, 0x0884, 0x0884, 0x0884, 0x0884, 0x0884, 0x0884, 0x0884, 0x0884,
  0x0884, 0x0884, 0x0884, 0x0884, 0x0884, 0x0884, 0x0884, 0x0884, 0x44AA, 0x5E4D, 0x55EB, 0x560A,
  0x560B, 0x562D, 0x45CB, 0x34C9, 0x2387, 0x19E6, 0x10E5, 0x0884, 0x0884, 0x0884, 0x0884, 0x0884,
  0x0884, 0x0884, 0x0884, 0x0884, 0x0884, 0x08A4, 0x1105, 0x19A6, 0x32C8, 0x3C29, 0x4D2A, 0x562A,
  0x564A, 0x4E2A, 0x4E0A, 0x4DEA, 0x562B, 0x566B, 0x4DAA, 0x33A8, 0x1985, 0x0884, 0x0884, 0x0884,
  0x0884, 0x0884, 0x0884, 0x0884, 0x0884, 0x0884, 0x0884, 0x0884, 0x0884, 0x0884, 0x0884, 0x0AE9,
  0x1D70, 0x2530, 0x1D91, 0x146D, 0x08A4, 0x0884, 0x0884, 0x08A4, 0x0C4D, 0x15B1, 0x15B1, 0x0CEF,
  0x08A4, 0x0884, 0x0884, 0x08A4, 0x148D, 0x1D6F, 0x1550, 0x13CC, 0x0884, 0x0884, 0x0884, 0x0884,
  0x2B08, 0x5E4D, 0x660B, 0x4DAA, 0x1165, 0x0884, 0x0884, 0x0884, 0x0884, 0x0884, 0x0884, 0x0884,
  0x08A4, 0x4CEA, 0x5E4C, 0x564B, 0x44EA, 0x0884, 0x0884, 0x0884, 0x0884, 0x0884, 0x0884, 0x0884,
  0x0884, 0x0884, 0x0884, 0x0884, 0x0884, 0x0884, 0x0884, 0x0884, 0x0884, 0x0884, 0x0884, 0x0884,
  0x0884, 0x0884, 0x0884, 0x0884, 0x0884, 0x0884, 0x0884, 0x0884, 0x0884, 0x0884, 0x0884, 0x0884,
  0x0884, 0x0884, 0x0884, 0x0884, 0x0884, 0x0884, 0x0884, 0x1104, 0x4D6B, 0x5E0D, 0x5DEB, 0x5E4C,
  0x558B, 0x2BA9, 0x11A6, 0x0884, 0x0884, 0x0884, 0x0884, 0x0884, 0x0884, 0x0884, 0x0884, 0x0884,
  0x0884, 0x0884, 0x0884, 0x0884, 0x0884, 0x0884, 0x0884, 0x0884, 0x0884, 0x0884, 0x10E4, 0x1A06,
  0x2B47, 0x44E9, 0x4DCA, 0x566B, 0x562B, 0x560B, 0x562B, 0x5E4C, 0x5DCC, 0x33A8, 0x1165, 0x0884,
  0x0884, 0x0884, 0x0884, 0x0884, 0x0884, 0x0884, 0x0884, 0x0884, 0x0884, 0x0884, 0x0884, 0x0884,
  0x138B, 0x1DB1, 0x1570, 0x0D70, 0x0A68, 0x0884, 0x08A4, 0x0884, 0x0A68, 0x15B1, 0x1D71, 0x152F,
  0x09C7, 0x0884, 0x0884, 0x0884, 0x0B6A, 0x156F, 0x1550, 0x0CAD, 0x08C4, 0x0884, 0x0884, 0x0884,
  0x1A46, 0x564C, 0x660B, 0x55EA, 0x1A26, 0x0884, 0x0884, 0x0884, 0x0884, 0x0884, 0x0884, 0x0884,
  0x0884, 0x446A, 0x664C, 0x562A, 0x456A, 0x08A4, 0x0884, 0x0884, 0x0884, 0x0884, 0x0884, 0x0884,
  0x0884, 0x0884, 0x0884, 0x0884, 0x0884, 0x0884, 0x0884, 0x0884, 0x0884, 0x0884, 0x0884, 0x0884,
  0x0884, 0x0884, 0x0884, 0x0884, 0x0884, 0x0884, 0x0884, 0x0884, 0x0884, 0x0884, 0x0884, 0x0884,
  0x0884, 0x0884, 0x0884, 0x0884, 0x0884, 0x0884, 0x0884, 0x11A5, 0x45EA, 0x562C, 0x5DED, 0x3348,
  0x10E4, 0x0884, 0x08E4, 0x09C6, 0x0AC8, 0x0B09, 0x130A, 0x12EA, 0x12E9, 0x12E9, 0x12C9, 0x0A07,
  0x0966, 0x08E5, 0x0884, 0x0884, 0x0884, 0x0884, 0x0884, 0x0884, 0x0884, 0x0884, 0x0884, 0x0884,
  0x0884, 0x08A4, 0x19C5, 0x33A8, 0x4D4B, 0x5E4C, 0x564C, 0x55EB, 0x55EB, 0x5E4C, 0x4DAA, 0x3388,
  0x1145, 0x0884, 0x0884, 0x0884, 0x0884, 0x0884, 0x0884, 0x0884, 0x0884, 0x0884, 0x0884, 0x0884,
  0x0925, 0x1CEF, 0x1570, 0x1590, 0x0BAB, 0x0884, 0x0884, 0x0884, 0x0966, 0x15B1, 0x1D51, 0x25D2,
  0x0B0A, 0x0884, 0x08A4, 0x0884, 0x1248, 0x152E, 0x1D70, 0x0CCE, 0x0945, 0x0884, 0x0884, 0x0884,
  0x11A5, 0x560B, 0x5DEA, 0x5E2B, 0x2AE7, 0x0884, 0x0884, 0x0884, 0x0884, 0x0884, 0x0884, 0x0884,
  0x0884, 0x33A9, 0x5E4C, 0x564B, 0x454A, 0x1125, 0x0884, 0x0884, 0x0884, 0x0884, 0x0884, 0x0884,
  0x0884, 0x0884, 0x0884, 0x0884, 0x0884, 0x0884, 0x0884, 0x0884, 0x0884, 0x0884, 0x0884, 0x0884,
  0x0884, 0x0884, 0x0884, 0x0884, 0x0884, 0x0884, 0x0884, 0x0884, 0x0884, 0x0884, 0x0884, 0x0884,
  0x0884, 0x0884, 0x0884, 0x0884, 0x0884, 0x0884, 0x0884, 0x1206, 0x3E4C, 0x34EB, 0x19A6, 0x0925,
  0x1289, 0x1C4D, 0x14EE, 0x0D0E, 0x1DB0, 0x1590, 0x1591, 0x1591, 0x15B1, 0x15D1, 0x15D1, 0x156F,
  0x0D0E, 0x14AE, 0x144D, 0x12A9, 0x11E7, 0x0905, 0x0884, 0x0884, 0x0884, 0x0884, 0x0884, 0x0884,
  0x0884, 0x0884, 0x0884, 0x0884, 0x10E5, 0x2A87, 0x44CA, 0x564C, 0x562C, 0x55EB, 0x560B, 0x4E4A,
  0x4569, 0x22C7, 0x08A4, 0x0884, 0x0884, 0x0884, 0x0884, 0x0884, 0x0884, 0x0884, 0x0884, 0x0884,
  0x0884, 0x0B2A, 0x1D71, 0x154F, 0x14EE, 0x0905, 0x0884, 0x0884, 0x08E5, 0x14AE, 0x2591, 0x1D91,
  0x0B4A, 0x0884, 0x0884, 0x0884, 0x11C7, 0x150F, 0x1D70, 0x152F, 0x09A7, 0x0884, 0x0884, 0x0884,
  0x1185, 0x4DCB, 0x5DEA, 0x5E2B, 0x3388, 0x0884, 0x0884, 0x0884, 0x0884, 0x0884, 0x0884, 0x0884,
  0x0884, 0x3328, 0x5E4C, 0x560B, 0x458A, 0x1165, 0x0884, 0x0884, 0x0884, 0x0884, 0x0884, 0x0884,
  0x0884, 0x0884, 0x0884, 0x0884, 0x0884, 0x0884, 0x0884, 0x0884, 0x0884, 0x0884, 0x0884, 0x0884,
  0x0884, 0x0884, 0x0884, 0x0884, 0x0884, 0x0884, 0x0884, 0x0884, 0x0884, 0x0884, 0x0884, 0x0884,
  0x0884, 0x0884, 0x0884, 0x0884, 0x0884, 0x0884, 0x0884, 0x1226, 0x2C4A, 0x1227, 0x0B29, 0x1D70,
  0x1DB2, 0x1D91, 0x15B1, 0x1591, 0x1D30, 0x1D30, 0x1550, 0x1550, 0x152F, 0x1530, 0x1D30, 0x1D30,
  0x1D71, 0x1591, 0x15B2, 0x15B1, 0x1591, 0x14CF, 0x13CC, 0x0A28, 0x08E5, 0x0884, 0x0884, 0x0884,
  0x0884, 0x0884, 0x0884, 0x0884, 0x0884, 0x0884, 0x08A4, 0x2287, 0x44EA, 0x562B, 0x4E09, 0x4DEA,
  0x4E0A, 0x4E2A, 0x3489, 0x1185, 0x0884, 0x0884, 0x0884, 0x0884, 0x0884, 0x0884, 0x0884, 0x0884,
  0x0884, 0x0A48, 0x0D50, 0x1D91, 0x1570, 0x09A6, 0x0884, 0x0884, 0x08A4, 0x0BEC, 0x15B1, 0x1591,
  0x0BAB, 0x0884, 0x0884, 0x0884, 0x09A6, 0x150E, 0x0D8F, 0x158F, 0x1227, 0x0884, 0x08A4, 0x0884,
  0x1165, 0x4DAB, 0x55EA, 0x566C, 0x33C9, 0x0884, 0x0884, 0x0884, 0x0884, 0x0884, 0x0884, 0x0884,
  0x0884, 0x2AC7, 0x5E4C, 0x55EB, 0x4D8A, 0x19A5, 0x0884, 0x0884, 0x0884, 0x0884, 0x0884, 0x0884,
  0x0884, 0x0884, 0x0884, 0x0884, 0x0884, 0x0884, 0x0884, 0x0884, 0x0884, 0x0884, 0x0884, 0x0884,
  0x0884, 0x0884, 0x0884, 0x0884, 0x0884, 0x0884, 0x0884, 0x0884, 0x0884, 0x0884, 0x0884, 0x0884,
  0x0884, 0x0884, 0x0884, 0x0884, 0x0884, 0x0884, 0x0884, 0x0945, 0x132A, 0x14AD, 0x1D91, 0x1591,
  0x1592, 0x15B2, 0x15D2, 0x15B1, 0x25B2, 0x1CEF, 0x148D, 0x0C6D, 0x0C6D, 0x148D, 0x1D30, 0x2571,
  0x1D91, 0x1DD2, 0x15B2, 0x1DB2, 0x1D51, 0x1D91, 0x15B1, 0x0D30, 0x0C6D, 0x0AC9, 0x0966, 0x0884,
  0x0884, 0x0884, 0x0884, 0x0884, 0x0884, 0x0884, 0x0884, 0x0884, 0x08C4, 0x2B07, 0x4569, 0x564A,
  0x4E0A, 0x55EB, 0x5E4C, 0x4D8B, 0x22C7, 0x0884, 0x0884, 0x0884, 0x0884, 0x0884, 0x0884, 0x0884,
  0x0884, 0x0986, 0x0C6D, 0x0C8E, 0x1CAE, 0x19E7, 0x0884, 0x0884, 0x0884, 0x136B, 0x14CE, 0x0C8E,
  0x0BAB, 0x0884, 0x0884, 0x0884, 0x1187, 0x148D, 0x0CAD, 0x1CEE, 0x1248, 0x0884, 0x08A4, 0x0884,
  0x1145, 0x3CEB, 0x452B, 0x4D8C, 0x3369, 0x0884, 0x0884, 0x0884, 0x0884, 0x0884, 0x0884, 0x0884,
  0x0884, 0x2AA7, 0x5E2C, 0x55EB, 0x55AA, 0x19C6, 0x0884, 0x0884, 0x0884, 0x0884, 0x0884, 0x0884,
  0x0884, 0x0884, 0x0884, 0x0884, 0x0884, 0x0884, 0x0884, 0x0884, 0x0884, 0x0884, 0x0884, 0x0884,
  0x0884, 0x0884, 0x0884, 0x0884, 0x0884, 0x0884, 0x0884, 0x0884, 0x0884, 0x0884, 0x0884, 0x0884,
  0x0884, 0x0884, 0x0884, 0x0884, 0x0884, 0x0884, 0x0884, 0x0A07, 0x150F, 0x1510, 0x1CF0, 0x1551,
  0x0DB1, 0x152F, 0x1C0D, 0x1248, 0x11E8, 0x1166, 0x0905, 0x0905, 0x0905, 0x0925, 0x11A6, 0x11E7,
  0x1249, 0x1BAC, 0x14CF, 0x152F, 0x1DD1, 0x1550, 0x1550, 0x0D50, 0x0D30, 0x1571, 0x150F, 0x138B,
  0x1186, 0x0884, 0x0884, 0x0884, 0x0884, 0x0884, 0x0884, 0x0884, 0x0884, 0x0884, 0x1145, 0x2BA7,
  0x4DEB, 0x562C, 0x55EB, 0x560B, 0x5E4C, 0x3C29, 0x1145, 0x0884, 0x0884, 0x0884, 0x0884, 0x0884,
  0x0884, 0x08A4, 0x08E5, 0x08E5, 0x08E5, 0x08C4, 0x0884, 0x0884, 0x0884, 0x0905, 0x0905, 0x0905,
  0x0905, 0x0884, 0x0884, 0x0884, 0x08C4, 0x0925, 0x0905, 0x0905, 0x08C4, 0x0884, 0x0884, 0x0884,
  0x0884, 0x1105, 0x1125, 0x1125, 0x08E5, 0x0884, 0x0884, 0x0884, 0x0884, 0x0884, 0x0884, 0x0884,
  0x0884, 0x2A87, 0x562C, 0x55EB, 0x55AA, 0x19E6, 0x0884, 0x0884, 0x0884, 0x0884, 0x0884, 0x0884,
  0x0884, 0x0884, 0x0884, 0x0884, 0x0884, 0x0884, 0x0884, 0x0884, 0x0884, 0x0884, 0x0884, 0x0884,
  0x0884, 0x0884, 0x0884, 0x0884, 0x0884, 0x0884, 0x0884, 0x0884, 0x0884, 0x0884, 0x0884, 0x0884,
  0x0884, 0x0884, 0x0884, 0x0884, 0x0884, 0x0884, 0x0884, 0x0A68, 0x1550, 0x1D30, 0x1530, 0x0C4D,
  0x0AE9, 0x0925, 0x0884, 0x0884, 0x0884, 0x0884, 0x0884, 0x0884, 0x0884, 0x0884, 0x0884, 0x0884,
  0x0884, 0x0884, 0x08A4, 0x0986, 0x0AA8, 0x0BEB, 0x150D, 0x154F, 0x1D91, 0x1551, 0x1591, 0x15D1,
  0x1D50, 0x136B, 0x0966, 0x0884, 0x0884, 0x0884, 0x0884, 0x0884, 0x0884, 0x0884, 0x0884, 0x0884,
  0x19C6, 0x44CA, 0x5E6C, 0x5E0B, 0x55EA, 0x564C, 0x4D6B, 0x19E6, 0x0884, 0x0884, 0x0884, 0x0884,
  0x0884, 0x0884, 0x0884, 0x0884, 0x0884, 0x0884, 0x0884, 0x0884, 0x0884, 0x0884, 0x0884, 0x0884,
  0x0884, 0x0884, 0x0884, 0x0884, 0x0884, 0x0884, 0x0884, 0x0884, 0x0884, 0x0884, 0x0884, 0x0884,
  0x0884, 0x0884, 0x0884, 0x0884, 0x0884, 0x0884, 0x0884, 0x0884, 0x0884, 0x0884, 0x0884, 0x0884,
  0x0884, 0x2AA7, 0x562C, 0x55EA, 0x55AA, 0x19C5, 0x0884, 0x0884, 0x0884, 0x0884, 0x0884, 0x0884,
  0x0884, 0x0884, 0x0884, 0x0884, 0x0884, 0x0884, 0x0884, 0x0884, 0x0884, 0x0884, 0x0884, 0x0884,
  0x0884, 0x0884, 0x0884, 0x0884, 0x0884, 0x0884, 0x0884, 0x0884, 0x0884, 0x0884, 0x0884, 0x0884,
  0x0884, 0x0884, 0x0884, 0x0884, 0x0884, 0x0884, 0x0884, 0x1248, 0x1550, 0x1550, 0x050F, 0x09E7,
  0x0884, 0x0884, 0x0884, 0x0884, 0x0884, 0x0884, 0x0884, 0x0884, 0x0884, 0x0884, 0x0884, 0x0884,
  0x0884, 0x0884, 0x0884, 0x08C4, 0x1AE8, 0x242B, 0x2CAC, 0x1C2C, 0x148D, 0x15D1, 0x1DB2, 0x1D70,
  0x1570, 0x15B1, 0x150F, 0x134A, 0x0905, 0x0884, 0x0884, 0x0884, 0x0884, 0x0884, 0x0884, 0x0884,
  0x0884, 0x08A4, 0x3B88, 0x55EB, 0x562B, 0x55CB, 0x4E0C, 0x4DEC, 0x2B67, 0x08A4, 0x0884, 0x0884,
  0x0884, 0x0884, 0x0884, 0x0884, 0x0884, 0x0884, 0x0884, 0x0884, 0x0884, 0x0884, 0x0884, 0x0884,
  0x0884, 0x0884, 0x0884, 0x0884, 0x0884, 0x0884, 0x0884, 0x0884, 0x0884, 0x0884, 0x0884, 0x0884,
  0x0884, 0x0884, 0x0884, 0x0884, 0x0884, 0x0884, 0x0884, 0x0884, 0x0884, 0x0884, 0x0884, 0x0884,
  0x0884, 0x2AE7, 0x564C, 0x560B, 0x4DAA, 0x19C5, 0x0884, 0x0884, 0x0884, 0x0884, 0x0884, 0x0884,
  0x0884, 0x0884, 0x0884, 0x0884, 0x0884, 0x0884, 0x0884, 0x0884, 0x0884, 0x0884, 0x0884, 0x0884,
  0x0884, 0x0884, 0x0884, 0x0884, 0x0884, 0x0884, 0x0884, 0x0884, 0x0884, 0x0884, 0x0884, 0x0884,
  0x0884, 0x0884, 0x0884, 0x0884, 0x0884, 0x0884, 0x0884, 0x1228, 0x1D30, 0x1550, 0x0CEF, 0x09A7,
  0x0884, 0x0884, 0x0884, 0x0884, 0x0884, 0x0884, 0x0884, 0x0884, 0x0884, 0x0884, 0x0884, 0x0884,
  0x0884, 0x0884, 0x1166, 0x350C, 0x462E, 0x3D8D, 0x45AE, 0x350D, 0x1207, 0x0A07, 0x1C4D, 0x1D91,
  0x0D91, 0x1550, 0x1D71, 0x1DB1, 0x1C8E, 0x1228, 0x08A4, 0x0884, 0x0884, 0x0884, 0x0884, 0x0884,
  0x0884, 0x0884, 0x0884, 0x2246, 0x4D8B, 0x5E4C, 0x560C, 0x4DEA, 0x4E4B, 0x2CA8, 0x11A5, 0x0884,
  0x0884, 0x0884, 0x0884, 0x0884, 0x0884, 0x0884, 0x0884, 0x0884, 0x0884, 0x0884, 0x0884, 0x0884,
  0x0884, 0x0884, 0x0884, 0x0884, 0x0884, 0x0884, 0x0884, 0x0884, 0x0884, 0x0884, 0x0884, 0x0884,
  0x0884, 0x0884, 0x0884, 0x0884, 0x0884, 0x0884, 0x0884, 0x0884, 0x0884, 0x0884, 0x0884, 0x0884,
  0x0884, 0x3328, 0x566B, 0x562B, 0x4DAA, 0x1985, 0x0884, 0x0884, 0x0884, 0x0884, 0x0884, 0x0884,
  0x0884, 0x0884, 0x0884, 0x0884, 0x0884, 0x0884, 0x0884, 0x0884, 0x0884, 0x0884, 0x0884, 0x0884,
  0x0884, 0x0884, 0x0884, 0x0884, 0x0884, 0x0884, 0x0884, 0x0884, 0x0884, 0x0884, 0x0884, 0x0884,
  0x0884, 0x0884, 0x0884, 0x0884, 0x0884, 0x0884, 0x0884, 0x1228, 0x1550, 0x1D50, 0x150F, 0x11E7,
  0x0884, 0x08A4, 0x08A4, 0x08A4, 0x08A4, 0x0884, 0x0884, 0x0884, 0x0884, 0x0884, 0x0884, 0x08A4,
  0x08C4, 0x08C4, 0x2BEA, 0x460E, 0x2B68, 0x1185, 0x22E7, 0x458D, 0x2C8C, 0x0884, 0x0884, 0x0A88,
  0x0C8D, 0x1D71, 0x1591, 0x1570, 0x1570, 0x1530, 0x0BAC, 0x0925, 0x0884, 0x0884, 0x0884, 0x0884,
  0x0884, 0x0884, 0x0884, 0x0884, 0x1145, 0x3C69, 0x4E2B, 0x560A, 0x4DCA, 0x4E0A, 0x4DCB, 0x22C7,
  0x0884, 0x0884, 0x0884, 0x0884, 0x0884, 0x0884, 0x0884, 0x0884, 0x0884, 0x0884, 0x0884, 0x0884,
  0x0884, 0x0884, 0x0884, 0x0884, 0x0884, 0x0884, 0x0884, 0x0884, 0x0884, 0x0884, 0x0884, 0x0884,
  0x0884, 0x0884, 0x0884, 0x0884, 0x0884, 0x0884, 0x0884, 0x0884, 0x0884, 0x0884, 0x0884, 0x0884,
  0x0884, 0x33A8, 0x566B, 0x562B, 0x4D6A, 0x1125, 0x0884, 0x0884, 0x0884, 0x0884, 0x0884, 0x0884,
  0x0884, 0x0884, 0x0884, 0x0884, 0x0884, 0x0884, 0x0884, 0x0884, 0x0884, 0x0884, 0x0884, 0x0884,
  0x0884, 0x0884, 0x0884, 0x0884, 0x0884, 0x0884, 0x0884, 0x0884, 0x0884, 0x0884, 0x0884, 0x0884,
  0x0884, 0x0884, 0x0884, 0x0884, 0x0884, 0x0884, 0x0884, 0x11E7, 0x154F, 0x1D70, 0x2570, 0x2CEE,
  0x34AD, 0x2C8B, 0x34AB, 0x346A, 0x348B, 0x348A, 0x348A, 0x346A, 0x3C6B, 0x3C6B, 0x3CAB, 0x34AA,
  0x2C89, 0x2C89, 0x3D6A, 0x2CA9, 0x08A4, 0x0884, 0x0884, 0x2BE9, 0x358D, 0x0945, 0x0884, 0x0884,
  0x08C5, 0x1289, 0x1CCF, 0x1D90, 0x154F, 0x0D4F, 0x1530, 0x14CF, 0x1248, 0x0884, 0x0884, 0x0884,
  0x0884, 0x0884, 0x0884, 0x0884, 0x0884, 0x0884, 0x2B08, 0x4DAA, 0x4E2A, 0x4DEB, 0x4E0B, 0x562C,
  0x4469, 0x1185, 0x0884, 0x0884, 0x0884, 0x0884, 0x0884, 0x0884, 0x0884, 0x0884, 0x0884, 0x0884,
  0x0884, 0x0884, 0x0884, 0x0884, 0x0884, 0x0884, 0x0884, 0x0884, 0x0884, 0x0884, 0x0884, 0x0884,
  0x0884, 0x0884, 0x0884, 0x0884, 0x0884, 0x0884, 0x0884, 0x0884, 0x0884, 0x0884, 0x0884, 0x0884,
  0x0884, 0x3C89, 0x564A, 0x562B, 0x4D6A, 0x08E4, 0x0884, 0x0884, 0x0884, 0x0884, 0x0884, 0x0884,
  0x0884, 0x0884, 0x0884, 0x0884, 0x0884, 0x0884, 0x0884, 0x0884, 0x0884, 0x0884, 0x0884, 0x0884,
  0x0884, 0x0884, 0x0884, 0x0884, 0x0884, 0x0884, 0x0884, 0x0884, 0x0884, 0x0884, 0x0884, 0x0884,
  0x0884, 0x0884, 0x0884, 0x0884, 0x0884, 0x0884, 0x0884, 0x09C7, 0x1570, 0x1590, 0x2590, 0x2D4F,
  0x2D4E, 0x24CC, 0x24CB, 0x2CEB, 0x34EB, 0x352B, 0x2D2B, 0x34EB, 0x3CEC, 0x3CEC, 0x3D2C, 0x352B,
  0x2CEB, 0x2CCA, 0x358A, 0x2D0A, 0x08E4, 0x0884, 0x0884, 0x2BCA, 0x2D4D, 0x0945, 0x0884, 0x0884,
  0x0884, 0x0884, 0x0925, 0x0B8B, 0x0D2E, 0x156F, 0x1D30, 0x1D72, 0x1D51, 0x1BAC, 0x08E5, 0x0884,
  0x0884, 0x0884, 0x0884, 0x0884, 0x0884, 0x0884, 0x0884, 0x1185, 0x44CB, 0x562C, 0x4E0B, 0x4E0B,
  0x4E4B, 0x4DAB, 0x3368, 0x10E4, 0x0884, 0x0884, 0x0884, 0x0884, 0x0884, 0x0884, 0x0884, 0x0884,
  0x0884, 0x0884, 0x0884, 0x0884, 0x0884, 0x0884, 0x0884, 0x0884, 0x0884, 0x0884, 0x0884, 0x0884,
  0x0884, 0x0884, 0x0884, 0x0884, 0x0884, 0x0884, 0x0884, 0x0884, 0x0884, 0x0884, 0x0884, 0x0884,
  0x08A4, 0x3D09, 0x562A, 0x5E2B, 0x4D2A, 0x08A4, 0x0884, 0x0884, 0x0884, 0x0884, 0x0884, 0x0884,
  0x0884, 0x0884, 0x0884, 0x0884, 0x0884, 0x0884, 0x0884, 0x0884, 0x0884, 0x0884, 0x0884, 0x0884,
  0x0884, 0x0884, 0x0884, 0x0884, 0x0884, 0x0884, 0x0884, 0x0884, 0x0884, 0x0884, 0x0884, 0x0884,
  0x0884, 0x0884, 0x0884, 0x0884, 0x0884, 0x0884, 0x0884, 0x0986, 0x1D71, 0x1571, 0x1DD1, 0x12E9,
  0x0884, 0x08C4, 0x08C4, 0x08C4, 0x08C4, 0x08C4, 0x08A4, 0x0884, 0x0884, 0x0884, 0x08A4, 0x08E4,
  0x08E4, 0x08A4, 0x23A8, 0x35EC, 0x23A8, 0x11C5, 0x22E7, 0x45AD, 0x2C4B, 0x08A4, 0x0884, 0x0884,
  0x0884, 0x0884, 0x0884, 0x0884, 0x0A07, 0x144C, 0x15D2, 0x1D72, 0x1D71, 0x15F1, 0x144D, 0x0966,
  0x0884, 0x0884, 0x0884, 0x0884, 0x0884, 0x0884, 0x0884, 0x0884, 0x08A4, 0x2AE7, 0x55CC, 0x564C,
  0x4E0B, 0x560A, 0x562B, 0x4D2B, 0x22A7, 0x08C4, 0x0884, 0x0884, 0x0884, 0x0884, 0x0884, 0x0884,
  0x0884, 0x0884, 0x0884, 0x0884, 0x0884, 0x0884, 0x0884, 0x0884, 0x0884, 0x0884, 0x0884, 0x0884,
  0x0884, 0x0884, 0x0884, 0x0884, 0x0884, 0x0884, 0x0884, 0x0884, 0x0884, 0x0884, 0x0884, 0x0884,
  0x1124, 0x3D29, 0x560A, 0x560A, 0x3C69, 0x0884, 0x0884, 0x0884, 0x0884, 0x0884, 0x0884, 0x0884,
  0x0884, 0x0884, 0x0884, 0x0884, 0x0884, 0x0884, 0x0884, 0x0884, 0x0884, 0x0884, 0x0884, 0x0884,
  0x0884, 0x0884, 0x0884, 0x0884, 0x0884, 0x0884, 0x0884, 0x0884, 0x0884, 0x0884, 0x0884, 0x0884,
  0x0884, 0x0884, 0x0884, 0x0884, 0x0884, 0x0884, 0x0884, 0x08E5, 0x148E, 0x15B1, 0x15D1, 0x130A,
  0x0884, 0x0884, 0x0884, 0x0884, 0x0884, 0x0884, 0x09C6, 0x2BEB, 0x2C8D, 0x2329, 0x0905, 0x0884,
  0x0884, 0x0884, 0x08E5, 0x3429, 0x45AA, 0x3DAB, 0x45AB, 0x44AA, 0x1165, 0x0884, 0x0884, 0x0884,
  0x0884, 0x0884, 0x0884, 0x0884, 0x0884, 0x08E5, 0x13ED, 0x1592, 0x1591, 0x0D70, 0x15B2, 0x14EF,
  0x0A48, 0x0884, 0x0884, 0x0884, 0x0884, 0x0884, 0x0884, 0x0884, 0x0884, 0x0884, 0x1986, 0x3C49,
  0x560B, 0x562B, 0x4DEA, 0x4E4C, 0x4E2D, 0x44CA, 0x2AA7, 0x10E4, 0x0884, 0x0884, 0x0884, 0x0884,
  0x0884, 0x0884, 0x0884, 0x0884, 0x0884, 0x0884, 0x0884, 0x0884, 0x0884, 0x0884, 0x0884, 0x0884,
  0x0884, 0x0884, 0x0884, 0x0884, 0x0884, 0x0884, 0x0884, 0x0884, 0x0884, 0x0884, 0x0884, 0x0884,
  0x19A5, 0x4DCA, 0x55EA, 0x562B, 0x2B88, 0x0884, 0x0884, 0x0884, 0x0884, 0x0884, 0x0884, 0x0884,
  0x0884, 0x0884, 0x0884, 0x0884, 0x0884, 0x0884, 0x0884, 0x0884, 0x0884, 0x0884, 0x0884, 0x0884,
  0x0884, 0x0884, 0x0884, 0x0884, 0x0884, 0x0884, 0x0884, 0x0884, 0x0884, 0x0884, 0x0884, 0x0884,
  0x0884, 0x0884, 0x0884, 0x0884, 0x0884, 0x0884, 0x0884, 0x0884, 0x142D, 0x1DD1, 0x1570, 0x1B8B,
  0x0884, 0x0884, 0x0884, 0x0884, 0x0884, 0x1267, 0x1CEC, 0x2D6F, 0x35AF, 0x35CF, 0x2CCD, 0x1145,
  0x0884, 0x0884, 0x0884, 0x08A4, 0x1A06, 0x2308, 0x1A67, 0x08C4, 0x0884, 0x0884, 0x0884, 0x0884,
  0x0884, 0x0884, 0x0884, 0x0884, 0x0884, 0x0884, 0x0883, 0x0A89, 0x1550, 0x15B1, 0x1D51, 0x1571,
  0x15B0, 0x0B0A, 0x08A4, 0x0884, 0x0884, 0x0884, 0x0884, 0x0884, 0x0884, 0x0884, 0x0884, 0x0884,
  0x2287, 0x4D4B, 0x5E6C, 0x562B, 0x4DEA, 0x4E2B, 0x4DEB, 0x44E9, 0x2B07, 0x1125, 0x0884, 0x0884,
  0x0884, 0x0884, 0x0884, 0x0884, 0x0884, 0x0884, 0x0884, 0x0884, 0x0884, 0x0884, 0x0884, 0x0884,
  0x0884, 0x0884, 0x0884, 0x0884, 0x0884, 0x0884, 0x0884, 0x0884, 0x0884, 0x0884, 0x0884, 0x1965,
  0x4CCA, 0x564B, 0x55EA, 0x4E0B, 0x22C7, 0x0884, 0x0884, 0x0884, 0x0884, 0x0884, 0x0884, 0x0884,
  0x0884, 0x0884, 0x0884, 0x0884, 0x0884, 0x0884, 0x0884, 0x0884, 0x0884, 0x0884, 0x0884, 0x0884,
  0x0884, 0x0884, 0x0884, 0x0884, 0x0884, 0x0884, 0x0884, 0x0884, 0x0884, 0x0884, 0x0884, 0x0884,
  0x0884, 0x0884, 0x0884, 0x0884, 0x0884, 0x0884, 0x0884, 0x0884, 0x13CC, 0x1D91, 0x1D0F, 0x1CAE,
  0x0946, 0x08A4, 0x08A4, 0x08A4, 0x1125, 0x24ED, 0x2CCD, 0x11E7, 0x0905, 0x1B09, 0x2DEF, 0x23CB,
  0x0884, 0x0884, 0x0884, 0x0884, 0x0884, 0x0884, 0x0884, 0x0884, 0x0884, 0x0884, 0x0884, 0x0884,
  0x0884, 0x0884, 0x0884, 0x0884, 0x0884, 0x0884, 0x0884, 0x0884, 0x0966, 0x1C8D, 0x15B2, 0x1530,
  0x1550, 0x1550, 0x13AC, 0x0905, 0x0884, 0x0884, 0x0884, 0x0884, 0x0884, 0x0884, 0x0884, 0x0884,
  0x0884, 0x10E4, 0x3B68, 0x4D8A, 0x562B, 0x4DCA, 0x4DCA, 0x4E2C, 0x4E2C, 0x456A, 0x3BC9, 0x2206,
  0x08A4, 0x0884, 0x0884, 0x0884, 0x0884, 0x0884, 0x0884, 0x0884, 0x0884, 0x0884, 0x0884, 0x0884,
  0x0884, 0x0884, 0x0884, 0x0884, 0x0884, 0x0884, 0x0884, 0x0884, 0x0884, 0x0884, 0x32C8, 0x556B,
  0x5E4C, 0x4DEA, 0x55EB, 0x55CC, 0x19C6, 0x0884, 0x0884, 0x0884, 0x0884, 0x0884, 0x0884, 0x0884,
  0x0884, 0x0884, 0x0884, 0x0884, 0x0884, 0x0884, 0x0884, 0x0884, 0x0884, 0x0884, 0x0884, 0x0884,
  0x0884, 0x0884, 0x0884, 0x0884, 0x0884, 0x0884, 0x0884, 0x0884, 0x0884, 0x0884, 0x0884, 0x0884,
  0x0884, 0x0884, 0x0884, 0x0884, 0x0884, 0x0884, 0x0884, 0x0884, 0x0A89, 0x1530, 0x1D30, 0x1D2F,
  0x146D, 0x1C6D, 0x2CAE, 0x14AD, 0x1D2E, 0x25CF, 0x12E8, 0x0884, 0x0884, 0x08E4, 0x258D, 0x2C8C,
  0x08A4, 0x0884, 0x0884, 0x0884, 0x0884, 0x0884, 0x0884, 0x0884, 0x0884, 0x0884, 0x0884, 0x0884,
  0x0884, 0x0884, 0x0884, 0x0884, 0x0884, 0x08A4, 0x1226, 0x1AC8, 0x19C6, 0x08E4, 0x136B, 0x15B1,
  0x1D50, 0x1D10, 0x1550, 0x14AE, 0x09A7, 0x0884, 0x0884, 0x0884, 0x0884, 0x0884, 0x0884, 0x0884,
  0x0884, 0x0884, 0x0884, 0x1965, 0x3368, 0x4D6A, 0x564B, 0x560B, 0x4DEB, 0x562B, 0x564B, 0x560B,
  0x44C9, 0x3368, 0x1A06, 0x1125, 0x0884, 0x0884, 0x0884, 0x0884, 0x0884, 0x0884, 0x0884, 0x0884,
  0x0884, 0x0884, 0x0884, 0x0884, 0x0884, 0x0884, 0x0884, 0x1105, 0x2A87, 0x44AA, 0x5E4C, 0x562B,
  0x4E0B, 0x566D, 0x5DCC, 0x2A47, 0x0884, 0x0884, 0x0884, 0x0884, 0x0884, 0x0884, 0x0884, 0x0884,
  0x0884, 0x0884, 0x0884, 0x0884, 0x0884, 0x0884, 0x0884, 0x0884, 0x0884, 0x0884, 0x0884, 0x0884,
  0x0884, 0x0884, 0x0884, 0x0884, 0x0884, 0x0884, 0x0884, 0x0884, 0x0884, 0x0884, 0x0884, 0x0884,
  0x0884, 0x0884, 0x0884, 0x0884, 0x0884, 0x0884, 0x0884, 0x0884, 0x0986, 0x14EE, 0x152F, 0x154F,
  0x150E, 0x1C2C, 0x244C, 0x1C6C, 0x24AC, 0x25CF, 0x1389, 0x0884, 0x0884, 0x0965, 0x1D6C, 0x2CAC,
  0x08A4, 0x0884, 0x0884, 0x0884, 0x0884, 0x0884, 0x0884, 0x0884, 0x0884, 0x0884, 0x0884, 0x0884,
  0x0884, 0x0884, 0x0884, 0x0884, 0x08C4, 0x2BC9, 0x2D6B, 0x2D4B, 0x3D8D, 0x2C4B, 0x08E4, 0x0AEA,
  0x150F, 0x1530, 0x1D50, 0x1D91, 0x1D10, 0x0A89, 0x0884, 0x0884, 0x0884, 0x0884, 0x0884, 0x0884,
  0x0884, 0x0884, 0x0884, 0x0884, 0x0884, 0x1165, 0x3368, 0x4D29, 0x560A, 0x562B, 0x562B, 0x560B,
  0x564B, 0x564B, 0x55EB, 0x4D8B, 0x3C49, 0x2B27, 0x22A7, 0x1185, 0x1105, 0x08C4, 0x0884, 0x0884,
  0x0884, 0x0884, 0x0884, 0x08E4, 0x1165, 0x2286, 0x3387, 0x4D49, 0x562A, 0x564A, 0x4DEA, 0x560B,
  0x5E4D, 0x4D2C, 0x21C6, 0x0884, 0x0884, 0x0884, 0x0884, 0x0884, 0x0884, 0x0884, 0x0884, 0x0884,
  0x0884, 0x0884, 0x0884, 0x0884, 0x0884, 0x0884, 0x0884, 0x0884, 0x0884, 0x0884, 0x0884, 0x0884,
  0x0884, 0x0884, 0x0884, 0x0884, 0x0884, 0x0884, 0x0884, 0x0884, 0x0884, 0x0884, 0x0884, 0x0884,
  0x0884, 0x0884, 0x0884, 0x0884, 0x0884, 0x0884, 0x0884, 0x0884, 0x08E5, 0x148D, 0x150F, 0x15B1,
  0x13CC, 0x0884, 0x0884, 0x0884, 0x08A4, 0x246C, 0x25CE, 0x1349, 0x0A27, 0x140A, 0x1DCD, 0x1309,
  0x0884, 0x0884, 0x0884, 0x0884, 0x0884, 0x0884, 0x08A4, 0x08C4, 0x08A4, 0x0884, 0x0884, 0x0884,
  0x0884, 0x0884, 0x08A4, 0x0884, 0x2307, 0x45CC, 0x2368, 0x11E6, 0x2368, 0x3DCD, 0x240A, 0x0884,
  0x0A07, 0x0D0E, 0x1590, 0x2550, 0x1D91, 0x0DB1, 0x0BAB, 0x08C4, 0x0884, 0x0884, 0x0884, 0x0884,
  0x0884, 0x0884, 0x0884, 0x0884, 0x0884, 0x0884, 0x0884, 0x1124, 0x2AC7, 0x44AA, 0x55AB, 0x5E6C,
  0x562B, 0x4E0A, 0x560B, 0x55EB, 0x560B, 0x4E4B, 0x564B, 0x4DAA, 0x4D4A, 0x4509, 0x44C9, 0x4489,
  0x4469, 0x4469, 0x44C9, 0x4D49, 0x458A, 0x562B, 0x562A, 0x560A, 0x4DE9, 0x4E0A, 0x566B, 0x55EB,
  0x3BC9, 0x10E5, 0x0884, 0x0884, 0x0884, 0x0884, 0x0884, 0x0884, 0x0884, 0x0884, 0x0884, 0x0884,
  0x0884, 0x0884, 0x0884, 0x0884, 0x0884, 0x0884, 0x0884, 0x0884, 0x0884, 0x0884, 0x0884, 0x0884,
  0x0884, 0x0884, 0x0884, 0x0884, 0x0884, 0x0884, 0x0884, 0x0884, 0x0884, 0x0884, 0x0884, 0x0884,
  0x0884, 0x0884, 0x0884, 0x0884, 0x0884, 0x0884, 0x0884, 0x0884, 0x0884, 0x138B, 0x152F, 0x1D91,
  0x1C2D, 0x08A4, 0x0884, 0x0884, 0x0884, 0x1186, 0x1CAC, 0x252E, 0x254E, 0x250D, 0x1BEB, 0x08E4,
  0x0884, 0x0884, 0x0884, 0x0884, 0x0884, 0x11C5, 0x3469, 0x2CCA, 0x34C9, 0x3C8A, 0x3C8A, 0x3C8A,
  0x348A, 0x3C8A, 0x348A, 0x346A, 0x45AC, 0x3469, 0x0884, 0x0884, 0x08A4, 0x2428, 0x356A, 0x0965,
  0x08A4, 0x14ED, 0x1DD0, 0x1DB1, 0x1D91, 0x1570, 0x1591, 0x1C6D, 0x11A7, 0x0884, 0x0884, 0x0884,
  0x0884, 0x0884, 0x0884, 0x0884, 0x0884, 0x0884, 0x0884, 0x0884, 0x0884, 0x0884, 0x21C6, 0x3368,
  0x4D2A, 0x4DCA, 0x560A, 0x562B, 0x562B, 0x55CA, 0x55CA, 0x560B, 0x55EB, 0x55EB, 0x560B, 0x560B,
  0x560C, 0x5E2C, 0x5E2B, 0x5E0B, 0x562B, 0x4DCB, 0x55CB, 0x55EA, 0x562B, 0x45AA, 0x3468, 0x19C5,
  0x0884, 0x0884, 0x0884, 0x0884, 0x0884, 0x0884, 0x0884, 0x0884, 0x0884, 0x0884, 0x0884, 0x0884,
  0x0884, 0x0884, 0x0884, 0x0884, 0x0884, 0x0884, 0x0884, 0x0884, 0x0884, 0x0884, 0x0884, 0x0884,
  0x0884, 0x0884, 0x0884, 0x0884, 0x0884, 0x0884, 0x0884, 0x0884, 0x0884, 0x0884, 0x0884, 0x0884,
  0x0884, 0x0884, 0x0884, 0x0884, 0x0884, 0x0884, 0x0884, 0x0884, 0x0884, 0x0AA8, 0x0DB0, 0x1590,
  0x1570, 0x0986, 0x0884, 0x08A4, 0x08A4, 0x0884, 0x0905, 0x1228, 0x1288, 0x11C6, 0x08A4, 0x0884,
  0x0884, 0x0884, 0x0884, 0x0884, 0x1186, 0x3D8D, 0x45ED, 0x350A, 0x452A, 0x450B, 0x3D0A, 0x3CCA,
  0x3CCA, 0x44EA, 0x3D0A, 0x3D2A, 0x4E0C, 0x3429, 0x0884, 0x0884, 0x0884, 0x2408, 0x2D08, 0x0945,
  0x00C4, 0x152C, 0x1D2E, 0x0B2A, 0x1DB1, 0x25B2, 0x1D71, 0x15B1, 0x1550, 0x0AEA, 0x08C5, 0x0884,
  0x0884, 0x0884, 0x0884, 0x0884, 0x0884, 0x0884, 0x0884, 0x0884, 0x0884, 0x0884, 0x0884, 0x0884,
  0x08C4, 0x1985, 0x2B07, 0x3C68, 0x4509, 0x5E0B, 0x5E2B, 0x560A, 0x562B, 0x560B, 0x560B, 0x560B,
  0x560B, 0x5E2B, 0x5E2B, 0x662C, 0x5E4C, 0x5E6C, 0x560C, 0x3CA9, 0x3388, 0x11A5, 0x0884, 0x0884,
  0x0884, 0x0884, 0x0884, 0x0884, 0x0884, 0x0884, 0x0884, 0x0884, 0x0884, 0x0884, 0x0884, 0x0884,
  0x0884, 0x0884, 0x0884, 0x0884, 0x0884, 0x0884, 0x0884, 0x0884, 0x0884, 0x0884, 0x0884, 0x0884,
  0x0884, 0x0884, 0x0884, 0x0884, 0x0884, 0x0884, 0x0884, 0x0884, 0x0884, 0x0884, 0x0884, 0x0884,
  0x0884, 0x0884, 0x0884, 0x0884, 0x0884, 0x0884, 0x0884, 0x0884, 0x0884, 0x09A6, 0x0D2F, 0x1DB1,
  0x15B1, 0x0B2A, 0x0884, 0x0884, 0x0884, 0x0884, 0x0884, 0x0884, 0x0884, 0x0884, 0x0884, 0x0884,
  0x0884, 0x0884, 0x0884, 0x1186, 0x2D4D, 0x35EE, 0x1A47, 0x08E4, 0x10E4, 0x10E4, 0x08C4, 0x08C4,
  0x08C4, 0x08C4, 0x08E4, 0x1104, 0x3BC9, 0x4DCD, 0x2328, 0x1185, 0x2327, 0x45AB, 0x2BE8, 0x0884,
  0x08E4, 0x14EC, 0x250D, 0x0884, 0x1248, 0x24AF, 0x25B1, 0x15B0, 0x1570, 0x1550, 0x140D, 0x11C7,
  0x0884, 0x0884, 0x0884, 0x0884, 0x0884, 0x0884, 0x0884, 0x0884, 0x0884, 0x0884, 0x0884, 0x0884,
  0x0884, 0x0884, 0x0884, 0x0884, 0x10E4, 0x19C6, 0x2266, 0x2B27, 0x3BE8, 0x4489, 0x450A, 0x4D2A,
  0x4D2A, 0x4D2A, 0x44CA, 0x3C49, 0x3348, 0x2A67, 0x19A6, 0x08C4, 0x0884, 0x0884, 0x0884, 0x0884,
  0x0884, 0x0884, 0x0884, 0x0884, 0x0884, 0x0884, 0x0884, 0x0884, 0x0884, 0x0884, 0x0884, 0x0884,
  0x0884, 0x0884, 0x0884, 0x0884, 0x0884, 0x0884, 0x0884, 0x0884, 0x0884, 0x0884, 0x0884, 0x0884,
  0x0884, 0x0884, 0x0884, 0x0884, 0x0884, 0x0884, 0x0884, 0x0884, 0x0884, 0x0884, 0x0884, 0x0884,
  0x0884, 0x0884, 0x0884, 0x0884, 0x0884, 0x0884, 0x0884, 0x0884, 0x0884, 0x0884, 0x148E, 0x1DB1,
  0x1D91, 0x1D2F, 0x12A9, 0x12C9, 0x12A8, 0x12A8, 0x1AC8, 0x22C9, 0x2309, 0x22E9, 0x22C8, 0x1AE8,
  0x1AE8, 0x1AC8, 0x1AA7, 0x350C, 0x35CD, 0x1247, 0x0884, 0x0884, 0x0884, 0x0884, 0x0884, 0x0884,
  0x0884, 0x0884, 0x0884, 0x0884, 0x1105, 0x3C8B, 0x45AC, 0x3D6B, 0x3DCB, 0x3C4A, 0x1145, 0x0884,
  0x08E5, 0x14CB, 0x1CCC, 0x08A4, 0x0884, 0x0905, 0x1BCC, 0x1D70, 0x1570, 0x1530, 0x1570, 0x1D30,
  0x132A, 0x0905, 0x0884, 0x0884, 0x0884, 0x0884, 0x0884, 0x0884, 0x0884, 0x0884, 0x0884, 0x0884,
  0x0884, 0x0884, 0x0884, 0x0884, 0x0884, 0x0884, 0x0884, 0x0884, 0x0884, 0x0884, 0x08A4, 0x08A4,
  0x08A4, 0x08A4, 0x0884, 0x0884, 0x0884, 0x0884, 0x0884, 0x0884, 0x0884, 0x0884, 0x0884, 0x0884,
  0x0884, 0x0884, 0x1228, 0x08E5, 0x0884, 0x0884, 0x0884, 0x0884, 0x0884, 0x0884, 0x0884, 0x0884,
  0x0884, 0x0884, 0x0884, 0x0884, 0x0884, 0x0884, 0x0884, 0x0884, 0x0884, 0x0884, 0x0884, 0x0884,
  0x0884, 0x0884, 0x0884, 0x0884, 0x0884, 0x0884, 0x0884, 0x0884, 0x0884, 0x0884, 0x0884, 0x0884,
  0x0884, 0x0884, 0x0884, 0x0884, 0x0884, 0x0884, 0x0884, 0x0884, 0x0884, 0x0884, 0x12E9, 0x15B0,
  0x1D70, 0x2570, 0x1DD0, 0x15D0, 0x158F, 0x156E, 0x1DAE, 0x2DEF, 0x3610, 0x3630, 0x2E30, 0x3630,
  0x2E0F, 0x2DCE, 0x2DEE, 0x256D, 0x1267, 0x0884, 0x0884, 0x0884, 0x0884, 0x0884, 0x0884, 0x0884,
  0x0884, 0x0884, 0x0884, 0x0884, 0x0884, 0x08C4, 0x2268, 0x2349, 0x1AA7, 0x08C4, 0x0884, 0x0884,
  0x08E5, 0x148B, 0x1CCC, 0x08A4, 0x0884, 0x0884, 0x1105, 0x1C8D, 0x1590, 0x1590, 0x1570, 0x0D70,
  0x1591, 0x14CE, 0x12C9, 0x08E5, 0x0884, 0x0884, 0x0884, 0x0884, 0x0884, 0x0884, 0x0884, 0x0884,
  0x0884, 0x0884, 0x0884, 0x0884, 0x0884, 0x0884, 0x0884, 0x0884, 0x0884, 0x0884, 0x0884, 0x0884,
  0x0884, 0x0884, 0x0884, 0x0884, 0x0884, 0x0884, 0x0884, 0x0884, 0x0884, 0x0884, 0x0884, 0x0884,
  0x0905, 0x0B8B, 0x0B2A, 0x0884, 0x0884, 0x0884, 0x0884, 0x0884, 0x0884, 0x0884, 0x0884, 0x0884,
  0x0884, 0x0884, 0x0884, 0x0884, 0x0884, 0x0884, 0x0884, 0x0884, 0x0884, 0x0884, 0x0884, 0x0884,
  0x0884, 0x0884, 0x0884, 0x0884, 0x0884, 0x0884, 0x0884, 0x0884, 0x0884, 0x0884, 0x0884, 0x0884,
  0x0884, 0x0884, 0x0884, 0x0884, 0x0884, 0x0884, 0x0884, 0x0884, 0x0884, 0x0884, 0x0925, 0x1D0F,
  0x1D50, 0x1D70, 0x04CD, 0x0288, 0x0247, 0x0A47, 0x0A27, 0x1248, 0x1248, 0x1268, 0x0A68, 0x0A68,
  0x1268, 0x0A47, 0x0A88, 0x09E6, 0x0884, 0x0884, 0x0884, 0x0884, 0x0884, 0x0884, 0x0884, 0x0884,
  0x0884, 0x0905, 0x08E5, 0x0884, 0x0884, 0x0884, 0x0884, 0x0884, 0x0884, 0x0884, 0x0884, 0x0884,
  0x08E4, 0x1CAB, 0x24AC, 0x08A4, 0x0884, 0x0884, 0x0945, 0x14AD, 0x0C0C, 0x138B, 0x1DB1, 0x15D1,
  0x1550, 0x1570, 0x15B1, 0x14AE, 0x12A9, 0x08C4, 0x0884, 0x0884, 0x0884, 0x0884, 0x0884, 0x0884,
  0x0884, 0x0884, 0x0884, 0x0884, 0x0884, 0x0884, 0x0884, 0x0884, 0x0884, 0x0884, 0x0884, 0x0884,
  0x0884, 0x0884, 0x0884, 0x0884, 0x0884, 0x0884, 0x0884, 0x0884, 0x0884, 0x0884, 0x0884, 0x09E7,
  0x146D, 0x0D0F, 0x0986, 0x0884, 0x0884, 0x0884, 0x0884, 0x0884, 0x0884, 0x0884, 0x0884, 0x0884,
  0x0884, 0x0884, 0x0884, 0x0884, 0x0884, 0x0884, 0x0884, 0x0884, 0x0884, 0x0884, 0x0884, 0x0884,
  0x0884, 0x0884, 0x0884, 0x0884, 0x0884, 0x0884, 0x0884, 0x0884, 0x0884, 0x0884, 0x0884, 0x0884,
  0x0884, 0x0884, 0x0884, 0x0884, 0x0884, 0x0884, 0x0884, 0x0884, 0x0884, 0x0884, 0x0884, 0x136B,
  0x1D91, 0x1550, 0x0D2E, 0x0946, 0x0884, 0x0884, 0x0884, 0x0884, 0x0884, 0x0884, 0x0884, 0x0884,
  0x0884, 0x0884, 0x0884, 0x0884, 0x0884, 0x0884, 0x0884, 0x0884, 0x0884, 0x0884, 0x0884, 0x0986,
  0x1BEC, 0x1CCE, 0x1C8D, 0x1309, 0x08C4, 0x0884, 0x0884, 0x1105, 0x12C8, 0x1207, 0x0884, 0x0884,
  0x08E5, 0x1CCC, 0x24CC, 0x08A4, 0x0884, 0x0884, 0x0925, 0x04CC, 0x0B4A, 0x0884, 0x1269, 0x14CE,
  0x1DB1, 0x1D70, 0x1530, 0x1D70, 0x1D91, 0x14EF, 0x0AA9, 0x0905, 0x0884, 0x0884, 0x0884, 0x0884,
  0x0884, 0x0884, 0x0884, 0x0884, 0x0884, 0x0884, 0x0884, 0x0884, 0x0884, 0x0884, 0x0884, 0x0884,
  0x0884, 0x0884, 0x0884, 0x0884, 0x0884, 0x0884, 0x0884, 0x0884, 0x0884, 0x0926, 0x138C, 0x1D51,
  0x1571, 0x13AC, 0x0884, 0x0884, 0x0884, 0x0884, 0x0884, 0x0884, 0x0884, 0x0884, 0x0884, 0x0884,
  0x0884, 0x0884, 0x0884, 0x0884, 0x0884, 0x0884, 0x0884, 0x0884, 0x0884, 0x0884, 0x0884, 0x0884,
  0x0884, 0x0884, 0x0884, 0x0884, 0x0884, 0x0884, 0x0884, 0x0884, 0x0884, 0x0884, 0x0884, 0x0884,
  0x0884, 0x0884, 0x0884, 0x0884, 0x0884, 0x0884, 0x0884, 0x0884, 0x0884, 0x0884, 0x0884, 0x09A7,
  0x150F, 0x1D2F, 0x1D50, 0x13CB, 0x0884, 0x0884, 0x0884, 0x0884, 0x0884, 0x0884, 0x0884, 0x0884,
  0x0884, 0x0884, 0x0884, 0x0884, 0x0884, 0x0884, 0x0884, 0x0884, 0x0884, 0x0884, 0x0986, 0x1D4F,
  0x1D6F, 0x0C2C, 0x14AD, 0x1D8F, 0x134A, 0x0884, 0x0884, 0x11C7, 0x250D, 0x1BCB, 0x0884, 0x0884,
  0x08E5, 0x14AC, 0x24CC, 0x08A4, 0x0884, 0x0884, 0x0925, 0x0CEC, 0x0B6A, 0x0884, 0x0884, 0x0905,
  0x0B0A, 0x0D0F, 0x1DB1, 0x1D70, 0x1570, 0x1591, 0x1571, 0x14AE, 0x136B, 0x09C7, 0x08C4, 0x0884,
  0x0884, 0x0884, 0x0884, 0x0884, 0x0884, 0x0884, 0x0884, 0x0884, 0x0884, 0x0884, 0x0884, 0x0884,
  0x0884, 0x0884, 0x0884, 0x0884, 0x0884, 0x0884, 0x0884, 0x0946, 0x12EA, 0x1CEF, 0x15D2, 0x1592,
  0x1530, 0x09A7, 0x0884, 0x0884, 0x0884, 0x0884, 0x0884, 0x0884, 0x0884, 0x0884, 0x0884, 0x0884,
  0x0884, 0x0884, 0x0884, 0x0884, 0x0884, 0x0884, 0x0884, 0x0884, 0x0884, 0x0884, 0x0884, 0x0884,
  0x0884, 0x0884, 0x0884, 0x0884, 0x0884, 0x0884, 0x0884, 0x0884, 0x0884, 0x0884, 0x0884, 0x0884,
  0x0884, 0x0884, 0x0884, 0x0884, 0x0884, 0x0884, 0x0884, 0x0884, 0x0884, 0x0884, 0x0884, 0x0884,
  0x0BCB, 0x152F, 0x250F, 0x1D0F, 0x1268, 0x0966, 0x0966, 0x0966, 0x0966, 0x0966, 0x1187, 0x0987,
  0x0986, 0x0986, 0x0986, 0x0986, 0x0986, 0x0986, 0x09A6, 0x09A6, 0x09A6, 0x09A6, 0x1C4D, 0x25F1,
  0x12A9, 0x0884, 0x0945, 0x1C6C, 0x1D0E, 0x1146, 0x0884, 0x11C7, 0x2D4E, 0x1BAA, 0x0884, 0x0884,
  0x08E4, 0x1CAC, 0x24AC, 0x08A4, 0x0884, 0x0884, 0x0905, 0x0CCC, 0x136A, 0x0884, 0x0884, 0x0884,
  0x0884, 0x0945, 0x13AB, 0x1591, 0x1591, 0x1550, 0x1530, 0x1D91, 0x1D91, 0x1D71, 0x144D, 0x0B2A,
  0x1228, 0x0905, 0x0884, 0x0884, 0x0884, 0x0884, 0x0884, 0x0884, 0x0884, 0x0884, 0x0884, 0x0884,
  0x0884, 0x0884, 0x0884, 0x0884, 0x0905, 0x0A48, 0x13EC, 0x150E, 0x1D90, 0x1591, 0x1591, 0x15B2,
  0x13ED, 0x08A4, 0x0884, 0x0884, 0x0884, 0x0884, 0x0884, 0x0884, 0x0884, 0x0884, 0x0884, 0x0884,
  0x0884, 0x0884, 0x0884, 0x0884, 0x0884, 0x0884, 0x0884, 0x0884, 0x0884, 0x0884, 0x0884, 0x0884,
  0x0884, 0x0884, 0x0884, 0x0884, 0x0884, 0x0884, 0x0884, 0x0884, 0x0884, 0x0884, 0x0884, 0x0884,
  0x0884, 0x0884, 0x0884, 0x0884, 0x0884, 0x0884, 0x0884, 0x0884, 0x0884, 0x0884, 0x0884, 0x0884,
  0x01C6, 0x152F, 0x1D30, 0x1D70, 0x1570, 0x152F, 0x1530, 0x0D0F, 0x0CEF, 0x0CCE, 0x0CCE, 0x04EE,
  0x04EE, 0x050E, 0x0D0F, 0x152F, 0x0D2F, 0x0D4F, 0x0D2E, 0x0D0E, 0x0CEE, 0x0D2E, 0x25B0, 0x24CE,
  0x0884, 0x0884, 0x0884, 0x0A68, 0x1CEE, 0x19E7, 0x0884, 0x11A6, 0x254D, 0x1BCB, 0x0884, 0x0884,
  0x08E5, 0x14CC, 0x1CAC, 0x08A4, 0x0884, 0x0884, 0x0925, 0x0CCC, 0x136A, 0x0884, 0x0884, 0x0884,
  0x0884, 0x0884, 0x130A, 0x15B0, 0x0BEC, 0x146E, 0x1DB1, 0x2551, 0x2551, 0x1D30, 0x1570, 0x0D90,
  0x1550, 0x150F, 0x140D, 0x12EA, 0x0A68, 0x09E7, 0x0966, 0x0925, 0x0905, 0x1105, 0x0905, 0x0925,
  0x0986, 0x0A28, 0x0A89, 0x138C, 0x0CCF, 0x0D2F, 0x15B1, 0x1590, 0x1590, 0x1570, 0x2591, 0x1590,
  0x09C7, 0x0884, 0x0884, 0x0884, 0x0884, 0x0884, 0x0884, 0x0884, 0x0884, 0x0884, 0x0884, 0x0884,
  0x0884, 0x0884, 0x0884, 0x0884, 0x0884, 0x0884, 0x0884, 0x0884, 0x0884, 0x0884, 0x0884, 0x0884,
  0x0884, 0x0884, 0x0884, 0x0884, 0x0884, 0x0884, 0x0884, 0x0884, 0x0884, 0x0884, 0x0884, 0x0884,
  0x0884, 0x0884, 0x0884, 0x0884, 0x0884, 0x0884, 0x0884, 0x0884, 0x0884, 0x0884, 0x0884, 0x0884,
  0x0884, 0x0BCC, 0x15D1, 0x0D70, 0x0DD1, 0x0CAE, 0x0AEA, 0x0B0A, 0x0B0A, 0x0B09, 0x0B0A, 0x0B09,
  0x0B0A, 0x0B09, 0x132A, 0x0AEA, 0x130A, 0x130A, 0x1B0A, 0x130A, 0x0B2A, 0x0B4A, 0x1CEE, 0x2D50,
  0x11C7, 0x0884, 0x0884, 0x23CC, 0x2D2F, 0x1186, 0x0884, 0x11C6, 0x2D4E, 0x23AB, 0x0884, 0x0884,
  0x08E5, 0x0CCC, 0x148B, 0x08A4, 0x0884, 0x0884, 0x0905, 0x0CCC, 0x0B6A, 0x0884, 0x0884, 0x0884,
  0x0884, 0x0905, 0x1CCE, 0x144D, 0x08A4, 0x0905, 0x1289, 0x1CCF, 0x1D70, 0x1590, 0x1570, 0x1550,
  0x1570, 0x1590, 0x15B1, 0x15B1, 0x15D1, 0x1570, 0x0CEF, 0x0CAE, 0x0C8E, 0x0C8E, 0x0C8E, 0x0CAE,
  0x1570, 0x15D1, 0x1591, 0x1570, 0x1550, 0x1D51, 0x1D30, 0x1D50, 0x1591, 0x1590, 0x1DB1, 0x13CC,
  0x0884, 0x0884, 0x0884, 0x0884, 0x0884, 0x0884, 0x0884, 0x0884, 0x0884, 0x0884, 0x0884, 0x0884,
  0x0884, 0x0884, 0x0884, 0x0884, 0x0884, 0x0884, 0x0884, 0x0884, 0x0884, 0x0884, 0x0884, 0x0884,
  0x0884, 0x0884, 0x0884, 0x0884, 0x0884, 0x0884, 0x0884, 0x0884, 0x0884, 0x0884, 0x0884, 0x0884,
  0x0884, 0x0884, 0x0884, 0x0884, 0x0884, 0x0884, 0x0884, 0x0884, 0x0884, 0x0884, 0x0884, 0x0884,
  0x0884, 0x0966, 0x1570, 0x1D71, 0x1D91, 0x1CAF, 0x08E5, 0x0884, 0x0884, 0x0884, 0x0884, 0x0884,
  0x0884, 0x0884, 0x0884, 0x0884, 0x0884, 0x0884, 0x0884, 0x0884, 0x0884, 0x0884, 0x1208, 0x2DD2,
  0x2530, 0x030A, 0x13AC, 0x2D70, 0x1BEC, 0x08A4, 0x0884, 0x11E7, 0x1D2E, 0x1BAB, 0x0884, 0x0884,
  0x08E5, 0x0CAB, 0x146C, 0x08A4, 0x0884, 0x0884, 0x1125, 0x14CC, 0x0B8A, 0x0884, 0x0884, 0x0884,
  0x0884, 0x0966, 0x1CEE, 0x136A, 0x0884, 0x0884, 0x0884, 0x142D, 0x0D0E, 0x0B09, 0x140C, 0x1D0F,
  0x2570, 0x1DB1, 0x1DB1, 0x1D91, 0x1D50, 0x1D70, 0x1D91, 0x1571, 0x1D91, 0x1570, 0x1571, 0x1591,
  0x1D71, 0x1D71, 0x1D71, 0x1DB1, 0x15B1, 0x1570, 0x1D51, 0x1D51, 0x1550, 0x1571, 0x1D10, 0x1166,
  0x0884, 0x0884, 0x0884, 0x0884, 0x0884, 0x0884, 0x0884, 0x0884, 0x0884, 0x0884, 0x0884, 0x0884,
  0x0884, 0x0884, 0x0884, 0x0884, 0x0884, 0x0884, 0x0884, 0x0884, 0x0884, 0x0884, 0x0884, 0x0884,
  0x0884, 0x0884, 0x0884, 0x0884, 0x0884, 0x0884, 0x0884, 0x0884, 0x0884, 0x0884, 0x0884, 0x0884,
  0x0884, 0x0884, 0x0884, 0x0884, 0x0884, 0x0884, 0x0884, 0x0884, 0x0884, 0x0884, 0x0884, 0x0884,
  0x0884, 0x0884, 0x132A, 0x1D91, 0x1550, 0x1D91, 0x132B, 0x0884, 0x0884, 0x0884, 0x0884, 0x0884,
  0x0884, 0x0884, 0x0884, 0x0884, 0x0884, 0x0884, 0x0884, 0x0884, 0x0884, 0x0884, 0x0884, 0x1AEA,
  0x1CEE, 0x25D1, 0x1D4F, 0x13AB, 0x08E5, 0x0884, 0x0884, 0x11C7, 0x1D4E, 0x13AB, 0x0884, 0x0884,
  0x08E5, 0x0C8C, 0x146C, 0x08A4, 0x0884, 0x0884, 0x1125, 0x14CC, 0x138A, 0x0884, 0x0884, 0x0884,
  0x0884, 0x0905, 0x14AD, 0x14AD, 0x0986, 0x08A4, 0x1228, 0x2590, 0x13CB, 0x0884, 0x08A4, 0x0946,
  0x1A48, 0x13EC, 0x0C6D, 0x14AE, 0x1550, 0x1D91, 0x1591, 0x1D91, 0x1D71, 0x1530, 0x1530, 0x1550,
  0x1571, 0x1DB2, 0x1D10, 0x148E, 0x0BEC, 0x0A69, 0x0C0D, 0x1D51, 0x1530, 0x1570, 0x138B, 0x0884,
  0x0884, 0x0884, 0x0884, 0x0884, 0x0884, 0x0884, 0x0884, 0x0884, 0x0884, 0x0884, 0x0884, 0x0884,
  0x0884, 0x0884, 0x0884, 0x0884, 0x0884, 0x0884, 0x0884, 0x0884, 0x0884, 0x0884, 0x0884, 0x0884,
  0x0884, 0x0884, 0x0884, 0x0884, 0x0884, 0x0884, 0x0884, 0x0884, 0x0884, 0x0884, 0x0884, 0x0884,
  0x0884, 0x0884, 0x0884, 0x0884, 0x0884, 0x0884, 0x0884, 0x0884, 0x0884, 0x0884, 0x0884, 0x0884,
  0x0884, 0x0884, 0x08C4, 0x148E, 0x1591, 0x1D10, 0x14EF, 0x0A48, 0x0884, 0x0884, 0x0884, 0x0884,
  0x0884, 0x0884, 0x0884, 0x0884, 0x0884, 0x0884, 0x08A4, 0x08A4, 0x0884, 0x0884, 0x0884, 0x0884,
  0x0905, 0x11E7, 0x0986, 0x0884, 0x0884, 0x08A4, 0x0884, 0x11C6, 0x1D4E, 0x1BCB, 0x0884, 0x0884,
  0x08E4, 0x0CAD, 0x146D, 0x08A4, 0x0884, 0x0884, 0x1125, 0x1CED, 0x0B8A, 0x0884, 0x0884, 0x0884,
  0x0884, 0x0884, 0x12A9, 0x2590, 0x1CCE, 0x1C0C, 0x1D90, 0x1D0E, 0x0966, 0x0884, 0x0884, 0x0884,
  0x0884, 0x0884, 0x08C4, 0x0925, 0x09C7, 0x1228, 0x1289, 0x12A9, 0x1AEA, 0x1ACA, 0x12CA, 0x12A9,
  0x1269, 0x1228, 0x0966, 0x08E5, 0x0884, 0x0A08, 0x0D70, 0x1D30, 0x1D51, 0x146D, 0x08E5, 0x0884,
  0x0884, 0x0884, 0x0884, 0x0884, 0x0884, 0x0884, 0x0884, 0x0884, 0x0884, 0x0884, 0x0884, 0x0884,
  0x0884, 0x0884, 0x0884, 0x0884, 0x0884, 0x0884, 0x0884, 0x0884, 0x0884, 0x0884, 0x0884, 0x0884,
  0x0884, 0x0884, 0x0884, 0x0884, 0x0884, 0x0884, 0x0884, 0x0884, 0x0884, 0x0884, 0x0884, 0x0884,
  0x0884, 0x0884, 0x0884, 0x0884, 0x0884, 0x0884, 0x0884, 0x0884, 0x0884, 0x0884, 0x0884, 0x0884,
  0x0884, 0x0884, 0x0884, 0x09E7, 0x150F, 0x1D10, 0x152F, 0x04AD, 0x0946, 0x0884, 0x0884, 0x0884,
  0x0884, 0x0884, 0x0884, 0x0884, 0x08A4, 0x0A68, 0x144D, 0x14AE, 0x0B2A, 0x0925, 0x0884, 0x0884,
  0x0884, 0x0884, 0x0884, 0x0884, 0x0884, 0x0884, 0x0905, 0x246D, 0x258F, 0x1AA9, 0x0884, 0x0884,
  0x08E5, 0x0CCD, 0x1C8D, 0x0884, 0x0884, 0x0884, 0x1146, 0x1D0D, 0x140B, 0x0884, 0x0884, 0x0884,
  0x0884, 0x0884, 0x0884, 0x1207, 0x1BEC, 0x246D, 0x1BAB, 0x0986, 0x0884, 0x0884, 0x0884, 0x0884,
  0x0884, 0x0884, 0x0884, 0x0884, 0x0884, 0x0884, 0x0884, 0x0884, 0x0884, 0x0884, 0x0884, 0x0884,
  0x0884, 0x0884, 0x0884, 0x0884, 0x1166, 0x1D30, 0x15B1, 0x1550, 0x1D10, 0x1207, 0x0884, 0x0884,
  0x0884, 0x0884, 0x0884, 0x0884, 0x0884, 0x0884, 0x0884, 0x0884, 0x0884, 0x0884, 0x0884, 0x0884,
  0x0884, 0x0884, 0x0884, 0x0884, 0x0884, 0x0884, 0x0884, 0x0884, 0x0884, 0x0884, 0x0884, 0x0884,
  0x0884, 0x0884, 0x0884, 0x0884, 0x0884, 0x0884, 0x0884, 0x0884, 0x0884, 0x0884, 0x0884, 0x0884,
  0x0884, 0x0884, 0x0884, 0x0884, 0x0884, 0x0884, 0x0884, 0x0884, 0x0884, 0x0884, 0x0884, 0x0884,
  0x0884, 0x0884, 0x0884, 0x0884, 0x12EA, 0x1D50, 0x1510, 0x1550, 0x0C0C, 0x08C4, 0x0884, 0x0884,
  0x0884, 0x0884, 0x0884, 0x0884, 0x0B6B, 0x1570, 0x146D, 0x0C6D, 0x1570, 0x142C, 0x08E5, 0x0884,
  0x0884, 0x0884, 0x0884, 0x0884, 0x0884, 0x0905, 0x1C2D, 0x25B0, 0x132A, 0x0884, 0x0884, 0x0884,
  0x08E4, 0x0C8C, 0x146C, 0x0884, 0x0884, 0x0884, 0x08C4, 0x1BEB, 0x2D6F, 0x238B, 0x0884, 0x0884,
  0x0884, 0x0884, 0x0884, 0x0884, 0x0884, 0x08C4, 0x0884, 0x0884, 0x0884, 0x0884, 0x0884, 0x0884,
  0x0884, 0x0884, 0x0884, 0x0884, 0x0884, 0x0884, 0x0884, 0x0884, 0x0884, 0x0884, 0x0884, 0x0884,
  0x0884, 0x08A4, 0x0884, 0x08C4, 0x1C2E, 0x1DD2, 0x1571, 0x1DB1, 0x130A, 0x0884, 0x0884, 0x0884,
  0x0884, 0x0884, 0x0884, 0x0884, 0x0884, 0x0884, 0x0884, 0x0884, 0x0884, 0x0884, 0x0884, 0x0884,
  0x0884, 0x0884, 0x0884, 0x0884, 0x0884, 0x0884, 0x0884, 0x0884, 0x0884, 0x0884, 0x0884, 0x0884,
  0x0884, 0x0884, 0x0884, 0x0884, 0x0884, 0x0884, 0x0884, 0x0884, 0x0884, 0x0884, 0x0884, 0x0884,
  0x0884, 0x0884, 0x0884, 0x0884, 0x0884, 0x0884, 0x0884, 0x0884, 0x0884, 0x0884, 0x0884, 0x0884,
  0x0884, 0x0884, 0x0884, 0x0884, 0x08A4, 0x13AC, 0x1D50, 0x2510, 0x1D70, 0x1BEC, 0x0884, 0x0884,
  0x0884, 0x0884, 0x0884, 0x09E7, 0x1530, 0x13CC, 0x0905, 0x08A4, 0x0AE9, 0x0D0E, 0x0AA9, 0x0884,
  0x0884, 0x0884, 0x0884, 0x0884, 0x08E5, 0x1C0C, 0x1DB0, 0x0B2A, 0x0883, 0x0884, 0x0884, 0x0884,
  0x0925, 0x0CAC, 0x146C, 0x08A4, 0x0884, 0x0884, 0x0884, 0x08E5, 0x23EC, 0x3570, 0x13AB, 0x08A4,
  0x0884, 0x0884, 0x0884, 0x0884, 0x0884, 0x0884, 0x0884, 0x0884, 0x0884, 0x0884, 0x0884, 0x0884,
  0x0884, 0x0884, 0x0884, 0x0884, 0x0884, 0x0884, 0x0884, 0x0884, 0x0884, 0x0884, 0x0884, 0x0884,
  0x0884, 0x0884, 0x08A4, 0x0B8C, 0x15D2, 0x1570, 0x1DD2, 0x1C6E, 0x08C4, 0x0884, 0x0884, 0x0884,
  0x0884, 0x0884, 0x0884, 0x0884, 0x0884, 0x0884, 0x0884, 0x0884, 0x0884, 0x0884, 0x0884, 0x0884,
  0x0884, 0x0884, 0x0884, 0x0884, 0x0884, 0x0884, 0x0884, 0x0884, 0x0884, 0x0884, 0x0884, 0x0884,
  0x0884, 0x0884, 0x0884, 0x0884, 0x0884, 0x0884, 0x0884, 0x0884, 0x0884, 0x0884, 0x0884, 0x0884,
  0x0884, 0x0884, 0x0884, 0x0884, 0x0884, 0x0884, 0x0884, 0x0884, 0x0884, 0x0884, 0x0884, 0x0884,
  0x0884, 0x0884, 0x0884, 0x0884, 0x0884, 0x0905, 0x146E, 0x1D71, 0x1D50, 0x15D1, 0x13CC, 0x08A4,
  0x0884, 0x0884, 0x0884, 0x0B2A, 0x0D91, 0x01E7, 0x0884, 0x0884, 0x00E5, 0x0C8D, 0x13EC, 0x0884,
  0x0884, 0x0884, 0x0884, 0x08C4, 0x1C0D, 0x1D90, 0x132A, 0x0884, 0x0884, 0x0884, 0x0884, 0x09E7,
  0x1CAD, 0x1D4F, 0x252F, 0x13EB, 0x0925, 0x0884, 0x0884, 0x0884, 0x08E5, 0x1BCB, 0x25B0, 0x1B6B,
  0x0884, 0x0884, 0x0884, 0x0884, 0x0884, 0x0884, 0x0884, 0x0884, 0x0884, 0x0884, 0x0884, 0x0884,
  0x0884, 0x0884, 0x0884, 0x0884, 0x0884, 0x0884, 0x0884, 0x0884, 0x0884, 0x0884, 0x0884, 0x0884,
  0x0884, 0x0884, 0x0B4A, 0x1571, 0x1D71, 0x15D1, 0x14EF, 0x0925, 0x0884, 0x0884, 0x0884, 0x0884,
  0x0884, 0x0884, 0x0884, 0x0884, 0x0884, 0x0884, 0x0884, 0x0884, 0x0884, 0x0884, 0x0884, 0x0884,
  0x0884, 0x0884, 0x0884, 0x0884, 0x0884, 0x0884, 0x0884, 0x0884, 0x0884, 0x0884, 0x0884, 0x0884,
  0x0884, 0x0884, 0x0884, 0x0884, 0x0884, 0x0884, 0x0884, 0x0884, 0x0884, 0x0884, 0x0884, 0x0884,
  0x0884, 0x0884, 0x0884, 0x0884, 0x0884, 0x0884, 0x0884, 0x0884, 0x0884, 0x0884, 0x0884, 0x0884,
  0x0884, 0x0884, 0x0884, 0x0884, 0x0884, 0x0884, 0x09C7, 0x0D70, 0x1591, 0x1D50, 0x15B1, 0x0B8B,
  0x08A4, 0x0884, 0x0884, 0x0AA9, 0x0DB1, 0x0AEA, 0x0884, 0x0884, 0x09C7, 0x0D50, 0x0B4A, 0x0884,
  0x0884, 0x0884, 0x0884, 0x1BAC, 0x25B1, 0x12E9, 0x0884, 0x0884, 0x0884, 0x0884, 0x0946, 0x1D4F,
  0x254F, 0x132A, 0x138B, 0x254F, 0x1C4D, 0x08E5, 0x0884, 0x0884, 0x0884, 0x08C4, 0x23CC, 0x2DF1,
  0x136A, 0x0884, 0x0884, 0x0884, 0x0884, 0x0884, 0x0884, 0x0884, 0x0884, 0x0884, 0x0884, 0x0884,
  0x0884, 0x0884, 0x0884, 0x0884, 0x0884, 0x0884, 0x0884, 0x0884, 0x0884, 0x0884, 0x0884, 0x0884,
  0x0884, 0x0B2A, 0x1591, 0x1550, 0x1570, 0x0D4F, 0x09C7, 0x0884, 0x0884, 0x0884, 0x0884, 0x0884,
  0x0884, 0x0884, 0x0884, 0x0884, 0x0884, 0x0884, 0x0884, 0x0884, 0x0884, 0x0884, 0x0884, 0x0884,
  0x0884, 0x0884, 0x0884, 0x0884, 0x0884, 0x0884, 0x0884, 0x0884, 0x0884, 0x0884, 0x0884, 0x0884,
  0x0884, 0x0884, 0x0884, 0x0884, 0x0884, 0x0884, 0x0884, 0x0884, 0x0884, 0x0884, 0x0884, 0x0884,
  0x0884, 0x0884, 0x0884, 0x0884, 0x0884, 0x0884, 0x0884, 0x0884, 0x0884, 0x0884, 0x0884, 0x0884,
  0x0884, 0x0884, 0x0884, 0x0884, 0x0884, 0x0884, 0x0884, 0x0A28, 0x1570, 0x2551, 0x1D30, 0x0570,
  0x0BAC, 0x08C4, 0x0884, 0x0925, 0x1CCF, 0x2530, 0x132B, 0x12CA, 0x1CCF, 0x1D50, 0x0986, 0x0884,
  0x0884, 0x0884, 0x08E5, 0x0C4D, 0x1C6D, 0x08A4, 0x0884, 0x0884, 0x0884, 0x0884, 0x0B09, 0x156F,
  0x1248, 0x0884, 0x0884, 0x130A, 0x25F1, 0x1268, 0x0884, 0x0884, 0x0884, 0x0884, 0x08C4, 0x1BEC,
  0x1DB0, 0x138B, 0x08A4, 0x0884, 0x0884, 0x0884, 0x0884, 0x0884, 0x0884, 0x0884, 0x0884, 0x0884,
  0x0884, 0x0884, 0x0884, 0x0884, 0x0884, 0x0884, 0x0884, 0x0884, 0x0884, 0x0884, 0x0884, 0x0884,
  0x134B, 0x1591, 0x1D71, 0x1550, 0x15B1, 0x0A68, 0x0884, 0x0884, 0x0884, 0x0884, 0x0884, 0x0884,
  0x0884, 0x0884, 0x0884, 0x0884, 0x0884, 0x0884, 0x0884, 0x0884, 0x0884, 0x0884, 0x0884, 0x0884,
  0x0884, 0x0884, 0x0884, 0x0884, 0x0884, 0x0884, 0x0884, 0x0884, 0x0884, 0x0884, 0x0884, 0x0884,
  0x0884, 0x0884, 0x0884, 0x0884, 0x0884, 0x0884, 0x0884, 0x0884, 0x0884, 0x0884, 0x0884, 0x0884,
  0x0884, 0x0884, 0x0884, 0x0884, 0x0884, 0x0884, 0x0884, 0x0884, 0x0884, 0x0884, 0x0884, 0x0884,
  0x0884, 0x0884, 0x0884, 0x0884, 0x0884, 0x0884, 0x0884, 0x0884, 0x1248, 0x1D50, 0x1D30, 0x1D0F,
  0x1570, 0x0BCC, 0x08C4, 0x0884, 0x11E8, 0x1CEF, 0x15D2, 0x1DB2, 0x24AF, 0x11E7, 0x0884, 0x0884,
  0x0884, 0x0884, 0x08E5, 0x042C, 0x0C0C, 0x08A4, 0x0884, 0x0884, 0x0884, 0x0884, 0x13AB, 0x0CCD,
  0x0905, 0x0884, 0x0884, 0x0A07, 0x152F, 0x1288, 0x0884, 0x0884, 0x0884, 0x0884, 0x0884, 0x08C4,
  0x142C, 0x1CCE, 0x0905, 0x0884, 0x0884, 0x0884, 0x0884, 0x0884, 0x0884, 0x0884, 0x0884, 0x0884,
  0x0884, 0x0884, 0x0884, 0x0884, 0x0884, 0x0884, 0x0884, 0x0884, 0x0884, 0x0884, 0x08C4, 0x13AC,
  0x1591, 0x1D71, 0x1D51, 0x1571, 0x12EA, 0x0884, 0x0884, 0x0884, 0x0884, 0x0884, 0x0884, 0x0884,
  0x0884, 0x0884, 0x0884, 0x0884, 0x0884, 0x0884, 0x0884, 0x0884, 0x0884, 0x0884, 0x0884, 0x0884,
  0x0884, 0x0884, 0x0884, 0x0884, 0x0884, 0x0884, 0x0884, 0x0884, 0x0884, 0x0884, 0x0884, 0x0884,
  0x0884, 0x0884, 0x0884, 0x0884, 0x0884, 0x0884, 0x0884, 0x0884, 0x0884, 0x0884, 0x0884, 0x0884,
  0x0884, 0x0884, 0x0884, 0x0884, 0x0884, 0x0884, 0x0884, 0x0884, 0x0884, 0x0884, 0x0884, 0x0884,
  0x0884, 0x0884, 0x0884, 0x0884, 0x0884, 0x0884, 0x0884, 0x0884, 0x0884, 0x0A28, 0x152F, 0x1D2F,
  0x1D0F, 0x1590, 0x0C4D, 0x0966, 0x0884, 0x0CCE, 0x046D, 0x09E7, 0x08E5, 0x0884, 0x0884, 0x0884,
  0x0884, 0x0884, 0x08E5, 0x042C, 0x0C0C, 0x08C4, 0x0884, 0x0884, 0x0884, 0x0884, 0x12C9, 0x154F,
  0x12A9, 0x0884, 0x08C4, 0x138B, 0x1D50, 0x1248, 0x0884, 0x0884, 0x0884, 0x0884, 0x0884, 0x0884,
  0x1BCC, 0x1C8C, 0x0905, 0x0884, 0x0884, 0x0884, 0x0884, 0x0884, 0x0884, 0x0884, 0x0884, 0x0884,
  0x0884, 0x0884, 0x0884, 0x0884, 0x0884, 0x0884, 0x0884, 0x0884, 0x0884, 0x0966, 0x0C4D, 0x0D90,
  0x1570, 0x1D71, 0x1D71, 0x12CA, 0x0884, 0x0884, 0x0884, 0x0884, 0x0884, 0x0884, 0x0884, 0x0884,
  0x0884, 0x0884, 0x0884, 0x0884, 0x0884, 0x0884, 0x0884, 0x0884, 0x0884, 0x0884, 0x0884, 0x0884,
  0x0884, 0x0884, 0x0884, 0x0884, 0x0884, 0x0884, 0x0884, 0x0884, 0x0884, 0x0884, 0x0884, 0x0884,
  0x0884, 0x0884, 0x0884, 0x0884, 0x0884, 0x0884, 0x0884, 0x0884, 0x0884, 0x0884, 0x0884, 0x0884,
  0x0884, 0x0884, 0x0884, 0x0884, 0x0884, 0x0884, 0x0884, 0x0884, 0x0884, 0x0884, 0x0884, 0x0884,
  0x0884, 0x0884, 0x0884, 0x0884, 0x0884, 0x0884, 0x0884, 0x0884, 0x0884, 0x0884, 0x1228, 0x14EF,
  0x1D50, 0x2530, 0x1D91, 0x0C8E, 0x132B, 0x1570, 0x034A, 0x0884, 0x0884, 0x0884, 0x0884, 0x0884,
  0x0884, 0x0884, 0x08E4, 0x0C2D, 0x0C0C, 0x08A4, 0x0884, 0x0884, 0x0884, 0x0884, 0x0905, 0x1C8D,
  0x2590, 0x140C, 0x140C, 0x1D0E, 0x138A, 0x08C4, 0x0884, 0x0884, 0x0884, 0x0884, 0x0884, 0x0884,
  0x242C, 0x1CCD, 0x0905, 0x0884, 0x0884, 0x0884, 0x0884, 0x0884, 0x0884, 0x0884, 0x0884, 0x0884,
  0x0884, 0x0884, 0x0884, 0x0884, 0x0884, 0x0884, 0x0884, 0x0884, 0x09E7, 0x1530, 0x15D2, 0x1551,
  0x1D91, 0x0D30, 0x12EA, 0x0884, 0x0884, 0x0884, 0x0884, 0x0884, 0x0884, 0x0884, 0x0884, 0x0884,
  0x0884, 0x0884, 0x0884, 0x0884, 0x0884, 0x0884, 0x0884, 0x0884, 0x0884, 0x0884, 0x0884, 0x0884,
  0x0884, 0x0884, 0x0884, 0x0884, 0x0884, 0x0884, 0x0884, 0x0884, 0x0884, 0x0884, 0x0884, 0x0884,
  0x0884, 0x0884, 0x0884, 0x0884, 0x0884, 0x0884, 0x0884, 0x0884, 0x0884, 0x0884, 0x0884, 0x0884,
  0x0884, 0x0884, 0x0884, 0x0884, 0x0884, 0x0884, 0x0884, 0x0884, 0x0884, 0x0884, 0x0884, 0x0884,
  0x0884, 0x0884, 0x0884, 0x0884, 0x0884, 0x0884, 0x0884, 0x0884, 0x0884, 0x0884, 0x0884, 0x11E7,
  0x14AE, 0x1590, 0x1530, 0x1550, 0x0D50, 0x1550, 0x02C9, 0x0884, 0x08A4, 0x0884, 0x0884, 0x0884,
  0x0884, 0x0884, 0x08E5, 0x042D, 0x040C, 0x08A4, 0x0884, 0x0884, 0x0884, 0x0884, 0x0884, 0x0925,
  0x1BCC, 0x0CCD, 0x0C8D, 0x134A, 0x08C4, 0x0884, 0x0884, 0x0884, 0x0884, 0x0884, 0x0884, 0x0884,
  0x1C0C, 0x1CEE, 0x0905, 0x0884, 0x0884, 0x0884, 0x0884, 0x0884, 0x0884, 0x0884, 0x0884, 0x0884,
  0x0884, 0x0884, 0x0884, 0x0884, 0x0884, 0x0884, 0x08C4, 0x0AEA, 0x1550, 0x1591, 0x1571, 0x1DB2,
  0x150F, 0x0A08, 0x0884, 0x0884, 0x0884, 0x0884, 0x0884, 0x0884, 0x0884, 0x0884, 0x0884, 0x0884,
  0x0884, 0x0884, 0x0884, 0x0884, 0x0884, 0x0884, 0x0884, 0x0884, 0x0884, 0x0884, 0x0884, 0x0884,
  0x0884, 0x0884, 0x0884, 0x0884, 0x0884, 0x0884, 0x0884, 0x0884, 0x0884, 0x0884, 0x0884, 0x0884,
  0x0884, 0x0884, 0x0884, 0x0884, 0x0884, 0x0884, 0x0884, 0x0884, 0x0884, 0x0884, 0x0884, 0x0884,
  0x0884, 0x0884, 0x0884, 0x0884, 0x0884, 0x0884, 0x0884, 0x0884, 0x0884, 0x0884, 0x0884, 0x0884,
  0x0884, 0x0884, 0x0884, 0x0884, 0x0884, 0x0884, 0x0884, 0x0884, 0x0884, 0x0884, 0x0884, 0x0884,
  0x0925, 0x0C2C, 0x1570, 0x152F, 0x150F, 0x1D50, 0x14AE, 0x09E7, 0x0884, 0x0884, 0x0884, 0x0884,
  0x0884, 0x0884, 0x08E5, 0x0C2D, 0x0C0D, 0x08A4, 0x0884, 0x0884, 0x0884, 0x0884, 0x0884, 0x0884,
  0x0884, 0x0905, 0x08E5, 0x0884, 0x0884, 0x0884, 0x0884, 0x0884, 0x0884, 0x0884, 0x0884, 0x0884,
  0x1BEC, 0x14EE, 0x0905, 0x0884, 0x0884, 0x0884, 0x0884, 0x0884, 0x0884, 0x0884, 0x0884, 0x0884,
  0x0884, 0x0884, 0x0884, 0x0884, 0x0884, 0x09A7, 0x0C2D, 0x15B1, 0x1D71, 0x1D51, 0x1DB2, 0x1CCF,
  0x0966, 0x0884, 0x0884, 0x0884, 0x0884, 0x0884, 0x0884, 0x0884, 0x0884, 0x0884, 0x0884, 0x0884,
  0x0884, 0x0884, 0x0884, 0x0884, 0x0884, 0x0884, 0x0884, 0x0884, 0x0884, 0x0884, 0x0884, 0x0884,
  0x0884, 0x0884, 0x0884, 0x0884, 0x0884, 0x0884, 0x0884, 0x0884, 0x0884, 0x0884, 0x0884, 0x0884,
  0x0884, 0x0884, 0x0884, 0x0884, 0x0884, 0x0884, 0x0884, 0x0884, 0x0884, 0x0884, 0x0884, 0x0884,
  0x0884, 0x0884, 0x0884, 0x0884, 0x0884, 0x0884, 0x0884, 0x0884, 0x0884, 0x0884, 0x0884, 0x0884,
  0x0884, 0x0884, 0x0884, 0x0884, 0x0884, 0x0884, 0x0884, 0x0884, 0x0884, 0x0884, 0x0884, 0x0884,
  0x0884, 0x08C4, 0x136A, 0x150F, 0x1D70, 0x1550, 0x1D70, 0x1570, 0x138B, 0x0946, 0x0884, 0x0884,
  0x0884, 0x0884, 0x08E5, 0x0C4D, 0x0C2D, 0x08A4, 0x0884, 0x0884, 0x0884, 0x0884, 0x0884, 0x0884,
  0x0884, 0x0884, 0x0884, 0x0884, 0x0884, 0x0884, 0x0884, 0x0884, 0x0884, 0x0884, 0x0884, 0x0884,
  0x1BCC, 0x150E, 0x0905, 0x0884, 0x0884, 0x0884, 0x0884, 0x0884, 0x0884, 0x0884, 0x0884, 0x0884,
  0x0884, 0x0884, 0x0884, 0x1125, 0x130A, 0x0D0F, 0x1571, 0x1D51, 0x1D71, 0x1591, 0x13ED, 0x0905,
  0x0884, 0x0884, 0x0884, 0x0884, 0x0884, 0x0884, 0x0884, 0x0884, 0x0884, 0x0884, 0x0884, 0x0884,
  0x0884, 0x0884, 0x0884, 0x0884, 0x0884, 0x0884, 0x0884, 0x0884, 0x0884, 0x0884, 0x0884, 0x0884,
  0x0884, 0x0884, 0x0884, 0x0884, 0x0884, 0x0884, 0x0884, 0x0884, 0x0884, 0x0884, 0x0884, 0x0884,
  0x0884, 0x0884, 0x0884, 0x0884, 0x0884, 0x0884, 0x0884, 0x0884, 0x0884, 0x0884, 0x0884, 0x0884,
  0x0884, 0x0884, 0x0884, 0x0884, 0x0884, 0x0884, 0x0884, 0x0884, 0x0884, 0x0884, 0x0884, 0x0884,
  0x0884, 0x0884, 0x0884, 0x0884, 0x0884, 0x0884, 0x0884, 0x0884, 0x0884, 0x0884, 0x0884, 0x0884,
  0x0884, 0x0884, 0x0884, 0x0A28, 0x14CE, 0x0DB0, 0x1550, 0x1D30, 0x1D71, 0x14AE, 0x130A, 0x0905,
  0x0884, 0x0884, 0x08E5, 0x0C2C, 0x044D, 0x08C4, 0x0884, 0x0884, 0x0884, 0x0884, 0x0884, 0x0884,
  0x0946, 0x0926, 0x08A4, 0x0884, 0x0884, 0x0884, 0x0884, 0x0884, 0x0884, 0x0884, 0x0884, 0x0884,
  0x13CB, 0x14EE, 0x0905, 0x0884, 0x0884, 0x0884, 0x0884, 0x0884, 0x0884, 0x0884, 0x0884, 0x0884,
  0x0884, 0x08E5, 0x0AA9, 0x14CE, 0x1571, 0x1550, 0x1550, 0x1571, 0x150F, 0x0AA9, 0x0884, 0x0884,
  0x0884, 0x0884, 0x0884, 0x0884, 0x0884, 0x0884, 0x0884, 0x0884, 0x0884, 0x0884, 0x0884, 0x0884,
  0x0884, 0x0884, 0x0884, 0x0884, 0x0884, 0x0884, 0x0884, 0x0884, 0x0884, 0x0884, 0x0884, 0x0884,
  0x0884, 0x0884, 0x0884, 0x0884, 0x0884, 0x0884, 0x0884, 0x0884, 0x0884, 0x0884, 0x0884, 0x0884,
  0x0884, 0x0884, 0x0884, 0x0884, 0x0884, 0x0884, 0x0884, 0x0884, 0x0884, 0x0884, 0x0884, 0x0884,
  0x0884, 0x0884, 0x0884, 0x0884, 0x0884, 0x0884, 0x0884, 0x0884, 0x0884, 0x0884, 0x0884, 0x0884,
  0x0884, 0x0884, 0x0884, 0x0884, 0x0884, 0x0884, 0x0884, 0x0884, 0x0884, 0x0884, 0x0884, 0x0884,
  0x0884, 0x0884, 0x0884, 0x0884, 0x0945, 0x0BCB, 0x1590, 0x1570, 0x1530, 0x1550, 0x1D2F, 0x148D,
  0x134A, 0x0986, 0x08E5, 0x0C0C, 0x142D, 0x08A4, 0x0884, 0x0884, 0x0884, 0x0884, 0x0966, 0x0BCC,
  0x150F, 0x1550, 0x144D, 0x09C7, 0x0884, 0x0884, 0x0884, 0x0884, 0x0884, 0x0884, 0x0884, 0x0884,
  0x13EB, 0x14AD, 0x0905, 0x0884, 0x0884, 0x0884, 0x0884, 0x0884, 0x0884, 0x0884, 0x0884, 0x0946,
  0x0B2A, 0x148E, 0x1571, 0x1591, 0x1551, 0x1571, 0x0DB1, 0x0C0D, 0x0966, 0x0884, 0x0884, 0x0884,
  0x0884, 0x0884, 0x0884, 0x0884, 0x0884, 0x0884, 0x0884, 0x0884, 0x0884, 0x0884, 0x0884, 0x0884,
  0x0884, 0x0884, 0x0884, 0x0884, 0x0884, 0x0884, 0x0884, 0x0884, 0x0884, 0x0884, 0x0884, 0x0884,
  0x0884, 0x0884, 0x0884, 0x0884, 0x0884, 0x0884, 0x0884, 0x0884, 0x0884, 0x0884, 0x0884, 0x0884,
  0x0884, 0x0884, 0x0884, 0x0884, 0x0884, 0x0884, 0x0884, 0x0884, 0x0884, 0x0884, 0x0884, 0x0884,
  0x0884, 0x0884, 0x0884, 0x0884, 0x0884, 0x0884, 0x0884, 0x0884, 0x0884, 0x0884, 0x0884, 0x0884,
  0x0884, 0x0884, 0x0884, 0x0884, 0x0884, 0x0884, 0x0884, 0x0884, 0x0884, 0x0884, 0x0884, 0x0884,
  0x0884, 0x0884, 0x0884, 0x0884, 0x0884, 0x0884, 0x1228, 0x0C0C, 0x154F, 0x152F, 0x152F, 0x0D6F,
  0x156F, 0x0CEE, 0x0C4C, 0x14EF, 0x1C4E, 0x0884, 0x0884, 0x0884, 0x0884, 0x08C4, 0x144E, 0x0DB1,
  0x042D, 0x0C2C, 0x1590, 0x1D0F, 0x1146, 0x0884, 0x0884, 0x0884, 0x0884, 0x0884, 0x0884, 0x0884,
  0x140C, 0x14AD, 0x0925, 0x0884, 0x0884, 0x0884, 0x0884, 0x0884, 0x08E5, 0x0A28, 0x0B8B, 0x1530,
  0x15D2, 0x1591, 0x1D51, 0x1571, 0x0D91, 0x0C6D, 0x0A68, 0x08A4, 0x0884, 0x0884, 0x0884, 0x0884,
  0x0884, 0x0884, 0x0884, 0x0884, 0x0884, 0x0884, 0x0884, 0x0884, 0x0884, 0x0884, 0x0884, 0x0884,
  0x0884, 0x0884, 0x0884, 0x0884, 0x0884, 0x0884, 0x0884, 0x0884, 0x0884, 0x0884, 0x0884, 0x0884,
  0x0884, 0x0884, 0x0884, 0x0884, 0x0884, 0x0884, 0x0884, 0x0884, 0x0884, 0x0884, 0x0884, 0x0884,
  0x0884, 0x0884, 0x0884, 0x0884, 0x0884, 0x0884, 0x0884, 0x0884, 0x0884, 0x0884, 0x0884, 0x0884,
  0x0884, 0x0884, 0x0884, 0x0884, 0x0884, 0x0884, 0x0884, 0x0884, 0x0884, 0x0884, 0x0884, 0x0884,
  0x0884, 0x0884, 0x0884, 0x0884, 0x0884, 0x0884, 0x0884, 0x0884, 0x0884, 0x0884, 0x0884, 0x0884,
  0x0884, 0x0884, 0x0884, 0x0884, 0x0884, 0x0884, 0x0884, 0x08C4, 0x0A68, 0x146D, 0x154F, 0x1570,
  0x1D0F, 0x152F, 0x1590, 0x1590, 0x14EF, 0x1BCC, 0x1289, 0x0945, 0x0884, 0x0A28, 0x0D91, 0x134B,
  0x0884, 0x0884, 0x1269, 0x1D30, 0x136B, 0x0884, 0x0884, 0x0884, 0x0884, 0x0884, 0x0884, 0x0884,
  0x1C0C, 0x1CCE, 0x08E5, 0x0884, 0x08A4, 0x0925, 0x0A28, 0x0B6B, 0x144D, 0x1591, 0x0D90, 0x1591,
  0x1571, 0x15B1, 0x15B1, 0x14EF, 0x0AC9, 0x08E5, 0x0884, 0x0884, 0x0884, 0x0884, 0x0884, 0x0884,
  0x0884, 0x0884, 0x0884, 0x0884, 0x0884, 0x0884, 0x0884, 0x0884, 0x0884, 0x0884, 0x0884, 0x0884,
  0x0884, 0x0884, 0x0884, 0x0884, 0x0884, 0x0884, 0x0884, 0x0884, 0x0884, 0x0884, 0x0884, 0x0884,
  0x0884, 0x0884, 0x0884, 0x0884, 0x0884, 0x0884, 0x0884, 0x0884, 0x0884, 0x0884, 0x0884, 0x0884,
  0x0884, 0x0884, 0x0884, 0x0884, 0x0884, 0x0884, 0x0884, 0x0884, 0x0884, 0x0884, 0x0884, 0x0884,
  0x0884, 0x0884, 0x0884, 0x0884, 0x0884, 0x0884, 0x0884, 0x0884, 0x0884, 0x0884, 0x0884, 0x0884,
  0x0884, 0x0884, 0x0884, 0x0884, 0x0884, 0x0884, 0x0884, 0x0884, 0x0884, 0x0884, 0x0884, 0x0884,
  0x0884, 0x0884, 0x0884, 0x0884, 0x0884, 0x0884, 0x0884, 0x0884, 0x0884, 0x08E5, 0x1289, 0x13EC,
  0x150F, 0x154F, 0x154F, 0x1570, 0x1571, 0x1DB1, 0x156F, 0x0D2E, 0x0C2C, 0x144D, 0x1592, 0x1289,
  0x0905, 0x08C4, 0x0905, 0x1530, 0x0C2C, 0x0884, 0x0884, 0x0884, 0x0884, 0x0884, 0x08A4, 0x08C4,
  0x1C8E, 0x1D2F, 0x0AEA, 0x0AE9, 0x142D, 0x0CEE, 0x0D70, 0x0DD1, 0x1570, 0x1530, 0x1550, 0x1591,
  0x1570, 0x148E, 0x12EA, 0x0905, 0x0884, 0x0884, 0x0884, 0x0884, 0x0884, 0x0884, 0x0884, 0x0884,
  0x0884, 0x0884, 0x0884, 0x0884, 0x0884, 0x0884, 0x0884, 0x0884, 0x0884, 0x0884, 0x0884, 0x0884,
  0x0884, 0x0884, 0x0884, 0x0884, 0x0884, 0x0884, 0x0884, 0x0884, 0x0884, 0x0884, 0x0884, 0x0884,
  0x0884, 0x0884, 0x0884, 0x0884, 0x0884, 0x0884, 0x0884, 0x0884, 0x0884, 0x0884, 0x0884, 0x0884,
  0x0884, 0x0884, 0x0884, 0x0884, 0x0884, 0x0884, 0x0884, 0x0884, 0x0884, 0x0884, 0x0884, 0x0884,
  0x0884, 0x0884, 0x0884, 0x0884, 0x0884, 0x0884, 0x0884, 0x0884, 0x0884, 0x0884, 0x0884, 0x0884,
  0x0884, 0x0884, 0x0884, 0x0884, 0x0884, 0x0884, 0x0884, 0x0884, 0x0884, 0x0884, 0x0884, 0x0884,
  0x0884, 0x0884, 0x0884, 0x0884, 0x0884, 0x0884, 0x0884, 0x0884, 0x0884, 0x0884, 0x0884, 0x08C4,
  0x09E7, 0x1BEC, 0x1CCE, 0x1DB1, 0x15D1, 0x1570, 0x1570, 0x154F, 0x150F, 0x2530, 0x2531, 0x1D30,
  0x0C8E, 0x0C4D, 0x0C4D, 0x0D4F, 0x0CEE, 0x142D, 0x140D, 0x140C, 0x0C2C, 0x0C2C, 0x0C4D, 0x0C8D,
  0x1570, 0x1590, 0x0DB0, 0x1570, 0x1530, 0x1530, 0x1570, 0x1570, 0x1590, 0x15B1, 0x14EF, 0x146E,
  0x0A48, 0x08E5, 0x0884, 0x0884, 0x0884, 0x0884, 0x0884, 0x0884, 0x0884, 0x0884, 0x0884, 0x0884,
  0x0884, 0x0884, 0x0884, 0x0884, 0x0884, 0x0884, 0x0884, 0x0884, 0x0884, 0x0884, 0x0884, 0x0884,
  0x0884, 0x0884, 0x0884, 0x0884, 0x0884, 0x0884, 0x0884, 0x0884, 0x0884, 0x0884, 0x0884, 0x0884,
  0x0884, 0x0884, 0x0884, 0x0884, 0x0884, 0x0884, 0x0884, 0x0884, 0x0884, 0x0884, 0x0884, 0x0884,
  0x0884, 0x0884, 0x0884, 0x0884, 0x0884, 0x0884, 0x0884, 0x0884, 0x0884, 0x0884, 0x0884, 0x0884,
  0x0884, 0x0884, 0x0884, 0x0884, 0x0884, 0x0884, 0x0884, 0x0884, 0x0884, 0x0884, 0x0884, 0x0884,
  0x0884, 0x0884, 0x0884, 0x0884, 0x0884, 0x0884, 0x0884, 0x0884, 0x0884, 0x0884, 0x0884, 0x0884,
  0x0884, 0x0884, 0x0884, 0x0884, 0x0884, 0x0884, 0x0884, 0x0884, 0x0884, 0x0884, 0x0884, 0x0884,
  0x0884, 0x0884, 0x0925, 0x1289, 0x13CC, 0x0CEE, 0x0D0F, 0x154F, 0x1D70, 0x1D50, 0x1D30, 0x1D50,
  0x1D70, 0x1570, 0x1590, 0x0D4F, 0x1570, 0x1590, 0x1590, 0x1570, 0x1570, 0x0D70, 0x1590, 0x1591,
  0x1570, 0x1570, 0x1550, 0x1550, 0x1550, 0x1550, 0x14EF, 0x150F, 0x0C2C, 0x0AE9, 0x0986, 0x0884,
  0x0884, 0x0884, 0x0884, 0x0884, 0x0884, 0x0884, 0x0884, 0x0884, 0x0884, 0x0884, 0x0884, 0x0884,
  0x0884, 0x0884, 0x0884, 0x0884, 0x0884, 0x0884, 0x0884, 0x0884, 0x0884, 0x0884, 0x0884, 0x0884,
  0x0884, 0x0884, 0x0884, 0x0884, 0x0884, 0x0884, 0x0884, 0x0884, 0x0884, 0x0884, 0x0884, 0x0884,
  0x0884, 0x0884, 0x0884, 0x0884, 0x0884, 0x0884, 0x0884, 0x0884, 0x0884, 0x0884, 0x0884, 0x0884,
  0x0884, 0x0884, 0x0884, 0x0884, 0x0884, 0x0884, 0x0884, 0x0884, 0x0884, 0x0884, 0x0884, 0x0884,
  0x0884, 0x0884, 0x0884, 0x0884, 0x0884, 0x0884, 0x0884, 0x0884, 0x0884, 0x0884, 0x0884, 0x0884,
  0x0884, 0x0884, 0x0884, 0x0884, 0x0884, 0x0884, 0x0884, 0x0884, 0x0884, 0x0884, 0x0884, 0x0884,
  0x0884, 0x0884, 0x0884, 0x0884, 0x0884, 0x0884, 0x0884, 0x0884, 0x0884, 0x0884, 0x0884, 0x0884,
  0x0884, 0x0884, 0x0884, 0x0884, 0x0884, 0x0905, 0x11E7, 0x0B2A, 0x0C0C, 0x148E, 0x2571, 0x1D50,
  0x1D30, 0x1D50, 0x1550, 0x1590, 0x1570, 0x1570, 0x1570, 0x1D70, 0x1D70, 0x1570, 0x1570, 0x0D70,
  0x1D90, 0x1D90, 0x2591, 0x14EE, 0x142D, 0x138B, 0x0A48, 0x0946, 0x08A4, 0x0884, 0x0884, 0x0884,
  0x0884, 0x0884, 0x0884, 0x0884, 0x0884, 0x0884, 0x0884, 0x0884, 0x0884, 0x0884, 0x0884, 0x0884,
  0x0884, 0x0884, 0x0884, 0x0884, 0x0884, 0x0884, 0x0884, 0x0884, 0x0884, 0x0884, 0x0884, 0x0884,
  0x0884, 0x0884, 0x0884, 0x0884, 0x0884, 0x0884, 0x0884, 0x0884, 0x0884, 0x0884, 0x0884, 0x0884,
  0x0884, 0x0884, 0x0884, 0x0884, 0x0884, 0x0884, 0x0884, 0x0884, 0x0884, 0x0884, 0x0884, 0x0884,
  0x0884, 0x0884, 0x0884, 0x0884, 0x0884, 0x0884, 0x0884, 0x0884, 0x0884, 0x0884, 0x0884, 0x0884,
  0x0884, 0x0884, 0x0884, 0x0884, 0x0884, 0x0884, 0x0884, 0x0884, 0x0884, 0x0884, 0x0884, 0x0884,
  0x0884, 0x0884, 0x0884, 0x0884, 0x0884, 0x0884, 0x0884, 0x0884, 0x0884, 0x0884, 0x0884, 0x0884,
  0x0884, 0x0884, 0x0884, 0x0884, 0x0884, 0x0884, 0x0884, 0x0884, 0x0884, 0x0884, 0x0884, 0x0884,
  0x0884, 0x0884, 0x0884, 0x0884, 0x0884, 0x0884, 0x0884, 0x0884, 0x0884, 0x0905, 0x11C7, 0x1248,
  0x12A9, 0x130A, 0x136B, 0x13CB, 0x14AE, 0x14CE, 0x0CCE, 0x0CCE, 0x0CAE, 0x140C, 0x136B, 0x132A,
  0x12A9, 0x1248, 0x11E8, 0x0946, 0x08A4, 0x0884, 0x0884, 0x0884, 0x0884, 0x0884, 0x0884, 0x0884,
  0x0884, 0x0884, 0x0884, 0x0884, 0x0884, 0x0884, 0x0884, 0x0884, 0x0884, 0x0884, 0x0884, 0x0884,
  0x0884, 0x0884, 0x0884, 0x0884, 0x0884, 0x0884, 0x0884, 0x0884, 0x0884, 0x0884, 0x0884, 0x0884,
  0x0884, 0x0884, 0x0884, 0x0884, 0x0884, 0x0884, 0x0884, 0x0884, 0x0884, 0x0884, 0x0884, 0x0884,
  0x0884, 0x0884, 0x0884, 0x0884, 0x0884, 0x0884, 0x0884, 0x0884, 0x0884, 0x0884, 0x0884, 0x0884,
  0x0884, 0x0884, 0x0884, 0x0884, 0x0884, 0x0884, 0x0884, 0x0884, 0x0884, 0x0884, 0x0884, 0x0884,
  0x0884, 0x0884, 0x0884, 0x0884, 0x0884, 0x0884, 0x0884, 0x0884, 0x0884, 0x0884, 0x0884, 0x0884,
  0x0884, 0x0884, 0x0884, 0x0884, 0x0884, 0x0884, 0x0884, 0x0884, 0x0884, 0x0884, 0x0884, 0x0884,
  0x0884, 0x0884, 0x0884, 0x0884, 0x0884, 0x0884, 0x0884, 0x0884, 0x0884, 0x0884, 0x0884, 0x0884,
  0x0884, 0x0884, 0x0884, 0x0884, 0x0884, 0x0884, 0x0884, 0x0884, 0x0884, 0x0884, 0x0884, 0x0884,
  0x0884, 0x0884, 0x0884, 0x0884, 0x08A4, 0x08A4, 0x08A4, 0x08A4, 0x08A4, 0x0884, 0x0884, 0x0884,
  0x0884, 0x0884, 0x0884, 0x0884, 0x0884, 0x0884, 0x0884, 0x0884, 0x0884, 0x0884, 0x0884, 0x0884,
  0x0884, 0x0884, 0x0884, 0x0884, 0x0884, 0x0884, 0x0884, 0x0884, 0x0884, 0x0884, 0x0884, 0x0884,
  0x0884, 0x0884, 0x0884, 0x0884, 0x0884, 0x0884, 0x0884, 0x0884, 0x0884, 0x0884, 0x0884, 0x0884,
  0x0884, 0x0884, 0x0884, 0x0884, 0x0884, 0x0884, 0x0884, 0x0884, 0x0884, 0x0884, 0x0884, 0x0884,
  0x0884, 0x0884, 0x0884, 0x0884, 0x0884, 0x0884, 0x0884, 0x0884, 0x0884, 0x0884, 0x0884, 0x0884,
  0x0884, 0x0884, 0x0884, 0x0884, 0x0884, 0x0884, 0x0884, 0x0884, 0x0884, 0x0884, 0x0884, 0x0884,
  0x0884, 0x0884, 0x0884, 0x0884, 0x0884, 0x0884, 0x0884, 0x0884, 0x0884, 0x0884, 0x0884, 0x0884,
  0x0884, 0x0884, 0x0884, 0x0884, 0x0884, 0x0884, 0x0884, 0x0884, 0x0884, 0x0884, 0x0884, 0x0884,
  0x0884, 0x0884, 0x0884, 0x0884, 0x0884, 0x0884, 0x0884, 0x0884, 0x0884, 0x0884, 0x0884, 0x0884,
  0x0884, 0x0884, 0x0884, 0x0884, 0x0884, 0x0884, 0x0884, 0x0884, 0x0884, 0x0884, 0x0884, 0x0884,
  0x0884, 0x0884, 0x0884, 0x0884, 0x0884, 0x0884, 0x0884, 0x0884, 0x0884, 0x0884, 0x0884, 0x0884,
  0x0884, 0x0884, 0x0884, 0x0884, 0x0884, 0x0884, 0x0884, 0x0884, 0x0884, 0x0884, 0x0884, 0x0884,
  0x0884, 0x0884, 0x0884, 0x0884, 0x0884, 0x0884, 0x0884, 0x0884, 0x0884, 0x0884, 0x0884, 0x0884,
  0x0884, 0x0884, 0x0884, 0x0884, 0x0884, 0x0884, 0x0884, 0x0884, 0x0884, 0x0884, 0x0884, 0x0884,
  0x0884, 0x0884, 0x0884, 0x0884, 0x0884, 0x0884, 0x0884, 0x0884, 0x0884, 0x0884, 0x0884, 0x0884,
  0x0884, 0x0884, 0x0884, 0x0884, 0x0884, 0x0884, 0x0884, 0x0884, 0x0884, 0x0884, 0x0884, 0x0884,
  0x0884, 0x0884, 0x0884, 0x0884, 0x0884, 0x0884, 0x0884, 0x0884, 0x0884, 0x0884, 0x0884, 0x0884,
  0x0884, 0x0884, 0x0884, 0x0884, 0x0884, 0x0884, 0x0884, 0x0884, 0x0884, 0x0884, 0x0884, 0x0884,
  0x0884, 0x0884, 0x0884, 0x0884, 0x0884, 0x0884, 0x0884, 0x0884, 0x0884, 0x0884, 0x0884, 0x0884,
  0x0884, 0x0884, 0x0884, 0x0884, 0x0884, 0x0884, 0x0884, 0x0884, 0x0884, 0x0884, 0x0884, 0x0884,
  0x0884, 0x0884, 0x0884, 0x0884, 0x0884, 0x0884, 0x0884, 0x0884, 0x0884, 0x0884, 0x0884, 0x0884,
  0x0884, 0x0884, 0x0884, 0x0884, 0x0884, 0x0884, 0x0884, 0x0884, 0x0884, 0x0884, 0x0884, 0x0884,
  0x0884, 0x0884, 0x0884, 0x0884, 0x0884, 0x0884, 0x0884, 0x0884, 0x0884, 0x0884, 0x0884, 0x0884,
  0x0884, 0x0884, 0x0884, 0x0884, 0x0884, 0x0884, 0x0884, 0x0884, 0x0884, 0x0884, 0x0884, 0x0884,
  0x0884, 0x0884, 0x0884, 0x0884, 0x0884, 0x0884, 0x0884, 0x0884, 0x0884, 0x0884, 0x0884, 0x0884,
  0x0884, 0x0884, 0x0884, 0x0884, 0x0884, 0x0884, 0x0884, 0x0884, 0x0884, 0x0884, 0x0884, 0x0884,
  0x0884, 0x0884, 0x0884, 0x0884, 0x0884, 0x0884, 0x0884, 0x0884, 0x0884, 0x0884, 0x0884, 0x0884,
  0x0884, 0x0884, 0x0884, 0x0884, 0x0884, 0x0884, 0x0884, 0x0884, 0x0884, 0x0884, 0x0884, 0x0884,
  0x0884, 0x0884, 0x0884, 0x0884, 0x0884, 0x0884, 0x0884, 0x0884, 0x0884, 0x0884, 0x0884, 0x0884,
  0x0884, 0x0884, 0x0884, 0x0884, 0x0884, 0x0884, 0x0884, 0x0884, 0x0884, 0x0884, 0x0884, 0x0884,
  0x0884, 0x0884, 0x0884, 0x0884, 0x0884, 0x0884, 0x0884, 0x0884, 0x0884, 0x0884, 0x0884, 0x0884,
  0x0884, 0x0884, 0x0884, 0x0884, 0x0884, 0x0884, 0x0884, 0x0884, 0x0884, 0x0884, 0x0884, 0x0884,
  0x0884, 0x0884, 0x0884, 0x0884, 0x0884, 0x0884, 0x0884, 0x0884, 0x0884, 0x0884, 0x0884, 0x0884,
  0x0884, 0x0884, 0x0884, 0x0884, 0x0884, 0x0884, 0x0884, 0x0884, 0x0884, 0x0884, 0x0884, 0x0884,
  0x0884, 0x0884, 0x0884, 0x0884, 0x0884, 0x0884, 0x0884, 0x0884, 0x0884, 0x0884, 0x0884, 0x0884,
  0x0884, 0x0884, 0x0884, 0x0884, 0x0884, 0x0884, 0x0884, 0x0884, 0x0884, 0x0884, 0x0884, 0x0884,
  0x0884, 0x0884, 0x0884, 0x0884, 0x0884, 0x0884, 0x0884, 0x0884, 0x0884, 0x0884, 0x0884, 0x0884,
  0x0884, 0x0884, 0x0884, 0x0884, 0x0884, 0x0884, 0x0884, 0x0884, 0x0884, 0x0884, 0x0884, 0x0884,
  0x0884, 0x0884, 0x0884, 0x0884, 0x0884, 0x0884, 0x0884, 0x0884, 0x0884, 0x0884, 0x0884, 0x0884,
  0x0884, 0x0884, 0x0884, 0x0884, 0x0884, 0x0884, 0x0884, 0x0884, 0x0884, 0x0884, 0x0884, 0x0884,
  0x0884, 0x0884, 0x0884, 0x0884, 0x0884, 0x0884, 0x0884, 0x0884, 0x0884, 0x0884, 0x0884, 0x0884,
  0x0884, 0x0884, 0x0884, 0x0884, 0x0884, 0x0884, 0x0884, 0x0884, 0x0884, 0x0884, 0x0884, 0x0884,
  0x0884, 0x0884, 0x0884, 0x0884, 0x0884, 0x0884, 0x0884, 0x0884, 0x0884, 0x0884, 0x0884, 0x0884,
  0x0884, 0x0884, 0x0884, 0x0884, 0x0884, 0x0884, 0x0884, 0x0884, 0x0884, 0x0884, 0x0884, 0x0884,
  0x0884, 0x0884, 0x0884, 0x0884, 0x0884, 0x0884, 0x0884, 0x0884, 0x0884, 0x0884, 0x0884, 0x0884,
  0x0884, 0x0884, 0x0884, 0x0884, 0x0884, 0x0884, 0x0884, 0x0884, 0x0884, 0x0884, 0x0884, 0x0884,
  0x0884, 0x0884, 0x0884, 0x0884, 0x0884, 0x0884, 0x0884, 0x0884, 0x0884, 0x0884, 0x0884, 0x0884,
  0x0884, 0x0884, 0x0884, 0x0884, 0x0884, 0x0884, 0x0884, 0x0884, 0x0884, 0x0884, 0x0884, 0x0884,
  0x0884, 0x0884, 0x0884, 0x0884, 0x0884, 0x0884, 0x0884, 0x0884, 0x0884, 0x0884, 0x0884, 0x0884,
  0x0884, 0x0884, 0x0884, 0x0884, 0x0884, 0x0884, 0x0884, 0x0884, 0x0884, 0x0884, 0x0884, 0x0884,
  0x0884, 0x0884, 0x0884, 0x0884, 0x0884, 0x0884, 0x0884, 0x0884, 0x0884, 0x0884, 0x0884, 0x0884,
  0x0884, 0x0884, 0x0884, 0x0884, 0x0884, 0x0884, 0x0884, 0x0884, 0x0884, 0x0884, 0x0884, 0x0884,
  0x0884, 0x0884, 0x0884, 0x0884, 0x0884, 0x0884, 0x0884, 0x0884, 0x0884, 0x0884, 0x0884, 0x0884,
  0x0884, 0x0884, 0x0884, 0x0884, 0x0884, 0x0884, 0x0884, 0x0884, 0x0884, 0x0884, 0x0884, 0x0884,
  0x0884, 0x0884, 0x0884, 0x0884, 0x0884, 0x0884, 0x0884, 0x0884, 0x0884, 0x0884, 0x0884, 0x0884,
  0x0884, 0x0884, 0x0884, 0x0884, 0x0884, 0x0884, 0x0884, 0x0884, 0x0884, 0x0884, 0x0884, 0x0884,
  0x0884, 0x0884, 0x0884, 0x0884, 0x0884, 0x0884, 0x0884, 0x0884, 0x0884, 0x0884, 0x0884, 0x0884,
  0x0884, 0x0884, 0x0884, 0x0884, 0x0884, 0x0884, 0x0884, 0x0884, 0x0884, 0x0884, 0x0884, 0x0884,
  0x0884, 0x0884, 0x0884, 0x0884, 0x0884, 0x0884, 0x0884, 0x0884, 0x0884, 0x0884, 0x0884, 0x0884,
  0x0884, 0x0884, 0x0884, 0x0884, 0x0884, 0x0884, 0x0884, 0x0884, 0x0884, 0x0884, 0x0884, 0x0884,
  0x0884, 0x0884, 0x0884, 0x0884, 0x0884, 0x0884, 0x0884, 0x0884, 0x0884, 0x0884, 0x0884, 0x0884,
  0x0884, 0x0884, 0x0884, 0x0884, 0x0884, 0x0884, 0x0884, 0x0884, 0x0884, 0x0884, 0x0884, 0x0884,
  0x0884, 0x0884, 0x0884, 0x0884, 0x0884, 0x0884, 0x0884, 0x0884, 0x0884, 0x0884, 0x0884, 0x0884,
  0x0884, 0x0884, 0x0884, 0x0884, 0x0884, 0x0884, 0x0884, 0x0884, 0x0884, 0x0884, 0x0884, 0x0884,
  0x0884, 0x0884, 0x0884, 0x0884, 0x0884, 0x0884, 0x0884, 0x0884, 0x0884, 0x0884, 0x0884, 0x0884,
  0x0884, 0x0884, 0x0884, 0x0884, 0x0884, 0x0884, 0x0884, 0x0884, 0x0884, 0x0884, 0x0884, 0x0884,
  0x0884, 0x0884, 0x0884, 0x0884, 0x0884, 0x0884, 0x0884, 0x0884, 0x0884, 0x0884, 0x0884, 0x0884,
  0x0884, 0x0884, 0x0884, 0x0884, 0x0884, 0x0884, 0x0884, 0x0884, 0x0884, 0x0884, 0x0884, 0x0884,
  0x0884, 0x0884, 0x0884, 0x0884, 0x0884, 0x0884, 0x0884, 0x0884, 0x0884, 0x0884, 0x0884, 0x0884,
  0x0884, 0x0884, 0x0884, 0x0884, 0x0884, 0x0884, 0x0884, 0x0884, 0x0884, 0x0884, 0x0884, 0x0884,
  0x0884, 0x0884, 0x0884, 0x0884, 0x0884, 0x0884, 0x0884, 0x0884, 0x0884, 0x0884, 0x0884, 0x0884,
  0x0884, 0x0884, 0x0884, 0x0884, 0x0884, 0x0884, 0x0884, 0x0884, 0x0884, 0x0884, 0x0884, 0x0884,
  0x0884, 0x0884, 0x0884, 0x0884, 0x0884, 0x0884, 0x0884, 0x0884, 0x0884, 0x0884, 0x0884, 0x0884,
  0x0884, 0x0884, 0x0884, 0x0884, 0x0884, 0x0884, 0x0884, 0x0884, 0x0884, 0x0884, 0x0884, 0x0884,
  0x0884, 0x0884, 0x0884, 0x0884, 0x0884, 0x0884, 0x0884, 0x0884, 0x0884, 0x0884, 0x0884, 0x0884,
  0x0884, 0x0884, 0x0884, 0x0884, 0x0884, 0x0884, 0x0884, 0x0884, 0x0884, 0x0884, 0x0884, 0x0884,
  0x0884, 0x0884, 0x0884, 0x0884, 0x0884, 0x0884, 0x0884, 0x0884, 0x0884, 0x0884, 0x0884, 0x0884,
  0x0884, 0x0884, 0x0884, 0x0884, 0x0884, 0x0884, 0x0884, 0x0884, 0x0884, 0x0884, 0x0884, 0x0884,
  0x0884, 0x0884, 0x0884, 0x0884, 0x0884, 0x0884, 0x0884, 0x0884, 0x0884, 0x0884, 0x0884, 0x0884,
  0x0884, 0x0884, 0x0884, 0x0884, 0x0884, 0x0884, 0x0884, 0x0884, 0x0884, 0x0884, 0x0884, 0x0884,
  0x0884, 0x0884, 0x0884, 0x0884, 0x0884, 0x0884, 0x0884, 0x0884, 0x0884, 0x0884, 0x0884, 0x0884,
  0x0884, 0x0884, 0x0884, 0x0884, 0x0884, 0x0884, 0x0884, 0x0884, 0x0884, 0x0884, 0x0884, 0x0884,
  0x0884, 0x0884, 0x0884, 0x0884, 0x0884, 0x0884, 0x0884, 0x0884, 0x0884, 0x0884, 0x0884, 0x0884,
  0x0884, 0x0884, 0x0884, 0x0884, 0x0884, 0x0884, 0x0884, 0x0884, 0x0884, 0x0884, 0x0884, 0x0884,
  0x0884, 0x0884, 0x0884, 0x0884, 0x0884, 0x0884, 0x0884, 0x0884, 0x0884, 0x0884, 0x0884, 0x0884,
  0x0884, 0x0884, 0x0884, 0x0884, 0x0884, 0x0884, 0x0884, 0x0884, 0x0884, 0x0884, 0x0884, 0x0884,
  0x0884, 0x0884, 0x0884, 0x0884, 0x0884, 0x0884, 0x0884, 0x0884, 0x0884, 0x0884, 0x0884, 0x0884,
  0x0884, 0x0884, 0x0884, 0x0884, 0x0884, 0x0884, 0x0884, 0x0884, 0x0884, 0x0884, 0x0884, 0x0884,
  0x0884, 0x0884, 0x0884, 0x0884, 0x0884, 0x0884, 0x0884, 0x0884, 0x0884, 0x0884, 0x0884, 0x0884,
  0x0884, 0x0884, 0x0884, 0x0884, 0x0884, 0x0884, 0x0884, 0x0884, 0x0884, 0x0884, 0x0884, 0x0884,
  0x0884, 0x0884, 0x0884, 0x0884, 0x0884, 0x0884, 0x0884, 0x0884, 0x0884, 0x0884, 0x0884, 0x0884,
  0x0884, 0x0884, 0x0884, 0x0884, 0x0884, 0x0884, 0x0884, 0x0884, 0x0884, 0x0884, 0x0884, 0x0884,
  0x0884, 0x0884, 0x0884, 0x0884, 0x0884, 0x0884, 0x0884, 0x0884, 0x0884, 0x0884, 0x0884, 0x0884,
  0x0884, 0x0884, 0x0884, 0x0884, 0x0884, 0x0884, 0x0884, 0x0884, 0x0884, 0x0884, 0x0884, 0x0884,
  0x0884, 0x0884, 0x0884, 0x0884, 0x0884, 0x0884, 0x0884, 0x0884, 0x0884, 0x0884, 0x0884, 0x0884,
  0x0884, 0x0884, 0x0884, 0x0884, 0x0884, 0x0884, 0x0884, 0x0884, 0x0884, 0x0884, 0x0884, 0x0884,
  0x0884, 0x0884, 0x0884, 0x0884, 0x0884, 0x0884, 0x0884, 0x0884, 0x0884, 0x0884, 0x0884, 0x0884,
  0x0884, 0x0884, 0x0884, 0x0884, 0x0884, 0x0884, 0x0884, 0x0884, 0x0884, 0x0884, 0x0884, 0x0884,
  0x0884, 0x0884, 0x0884, 0x0884, 0x0884, 0x0884, 0x0884, 0x0884, 0x0884, 0x0884, 0x0884, 0x0884,
  0x0884, 0x0884, 0x0884, 0x0884, 0x0884, 0x0884, 0x0884, 0x0884, 0x0884, 0x0884, 0x0884, 0x0884,
  0x0884, 0x0884, 0x0884, 0x0884, 0x0884, 0x0884, 0x0884, 0x0884, 0x0884, 0x0884, 0x0884, 0x0884,
  0x0884, 0x0884, 0x0884, 0x0884, 0x0884, 0x0884, 0x0884, 0x0884, 0x0884, 0x0884, 0x0884, 0x0884,
  0x0884, 0x0884, 0x0884, 0x0884, 0x0884, 0x0884, 0x0884, 0x0884, 0x0884, 0x0884, 0x0884, 0x0884,
  0x0884, 0x0884, 0x0884, 0x0884, 0x0884, 0x0884, 0x0884, 0x0884, 0x0884, 0x0884, 0x0884, 0x0884,
  0x0884, 0x0884, 0x0884, 0x0884, 0x0884, 0x0884, 0x0884, 0x0884, 0x0884, 0x0884, 0x0884, 0x0884,
  0x0884, 0x0884, 0x0884, 0x0884, 0x0884, 0x0884, 0x0884, 0x0884, 0x0884, 0x0884, 0x0884, 0x0884,
  0x0884, 0x0884, 0x0884, 0x0884, 0x0884, 0x0884, 0x0884, 0x0884, 0x0884, 0x0884, 0x0884, 0x0884,
  0x0884, 0x0884, 0x0884, 0x0884, 0x0884, 0x0884, 0x0884, 0x0884, 0x0884, 0x0884, 0x0884, 0x0884,
  0x0884, 0x0884, 0x0884, 0x0884, 0x0884, 0x0884, 0x0884, 0x0884, 0x0884, 0x0884, 0x0884, 0x0884,
  0x0884, 0x0884, 0x0884, 0x0884, 0x0884, 0x0884, 0x0884, 0x0884, 0x0884, 0x0884, 0x0884, 0x0884,
  0x0884, 0x0884, 0x0884, 0x0884, 0x0884, 0x0884, 0x0884, 0x0884, 0x0884, 0x0884, 0x0884, 0x0884,
  0x0884, 0x0884, 0x0884, 0x0884, 0x0884, 0x0884, 0x0884, 0x0884, 0x0884, 0x0884, 0x0884, 0x0884,
  0x0884, 0x0884, 0x0884, 0x0884, 0x0884, 0x0884, 0x0884, 0x0884, 0x0884, 0x0884, 0x0884, 0x0884,
  0x0884, 0x0884, 0x0884, 0x0884, 0x0884, 0x0884, 0x0884, 0x0884, 0x0884, 0x0884, 0x0884, 0x0884,
  0x0884, 0x0884, 0x0884, 0x0884, 0x0884, 0x0884, 0x0884, 0x0884, 0x0884, 0x0884, 0x0884, 0x0884,
  0x0884, 0x0884, 0x0884, 0x0884, 0x0884, 0x0884, 0x0884, 0x0884, 0x08A4, 0x0884, 0x0884, 0x0884,
  0x0884, 0x0884, 0x0884, 0x0884, 0x0884, 0x0884, 0x0884, 0x0884, 0x0884, 0x0884, 0x0884, 0x0884,
  0x0884, 0x0884, 0x0884, 0x0884, 0x0884, 0x0884, 0x0884, 0x0884, 0x0884, 0x0884, 0x0884, 0x0884,
  0x0884, 0x0884, 0x0884, 0x0884, 0x0884, 0x0884, 0x0884, 0x0884, 0x0884, 0x0884, 0x0884, 0x0884,
  0x0884, 0x0884, 0x0884, 0x0884, 0x0884, 0x0884, 0x0884, 0x0884, 0x0884, 0x0884, 0x0884, 0x0884,
  0x0884, 0x0884, 0x0884, 0x0884, 0x0884, 0x0884, 0x0884, 0x0884, 0x0884, 0x0884, 0x0884, 0x0884,
  0x0884, 0x0884, 0x0884, 0x0884, 0x0884, 0x0884, 0x0884, 0x0884, 0x0884, 0x0884, 0x0884, 0x0884,
  0x0884, 0x0884, 0x0884, 0x0884, 0x0884, 0x0884, 0x0884, 0x0884, 0x0884, 0x0884, 0x0884, 0x0884,
  0x0884, 0x0884, 0x0884, 0x0884, 0x0884, 0x0884, 0x0884, 0x0884, 0x0884, 0x0884, 0x0884, 0x0884,
  0x0884, 0x0884, 0x0884, 0x0884, 0x0884, 0x0884, 0x0884, 0x0884, 0x0884, 0x0884, 0x0884, 0x0884,
  0x0884, 0x0884, 0x0884, 0x0884, 0x0884, 0x0884, 0x0884, 0x0884, 0x0884, 0x0884, 0x0884, 0x0884,
  0x0884, 0x0884, 0x0884, 0x0884, 0x0884, 0x424A, 0x8473, 0xB5F9, 0xBE19, 0xBE19, 0x9D35, 0x52ED,
  0x10C5, 0x0884, 0x0884, 0x0884, 0x0884, 0x8452, 0xA556, 0x94F4, 0x9CF5, 0x9D15, 0x9CF5, 0x8472,
  0x634E, 0x2988, 0x0884, 0x0884, 0x0884, 0x0884, 0x0884, 0x636F, 0xA576, 0x94B4, 0x94B4, 0x8C93,
  0x8C93, 0x8CB3, 0x94B4, 0x94F4, 0x94B4, 0x10E5, 0x0884, 0x0884, 0x4AAC, 0x9D15, 0x8C93, 0x8C93,
  0x8C93, 0x94D4, 0x8CB3, 0x94D4, 0x8C93, 0xAD97, 0x31E9, 0x0884, 0x0884, 0x424B, 0x94D4, 0x94F4,
  0x1926, 0x0884, 0x0884, 0x0884, 0x0884, 0x0884, 0x5B0E, 0xA556, 0x9D35, 0x2167, 0x0884, 0x426B,
  0x9D15, 0x9D35, 0x5B2E, 0x0884, 0x0884, 0x0884, 0x0884, 0x0884, 0x73B0, 0xADB8, 0xAD97, 0x2988,
  0x0884, 0x0884, 0x0884, 0x0884, 0x1906, 0x9D36, 0xBDF8, 0x73B0, 0x0884, 0x0884, 0x0884, 0x0884,
  0x0884, 0x634F, 0xB5F8, 0xB5D8, 0x52ED, 0x0884, 0x0884, 0x0884, 0x0884, 0x6B8F, 0xB5F8, 0xAD97,
  0x3A0A, 0x0884, 0x0884, 0x0884, 0x0884, 0x0884, 0x0884, 0x2146, 0xA577, 0xBE18, 0x73D0, 0x0884,
  0x31C9, 0xB5D8, 0xAD97, 0xAD97, 0xAD77, 0xAD97, 0xAD97, 0xAD97, 0xA556, 0xADB8, 0x424B, 0x0884,
  0x0884, 0x0884, 0x0884, 0x10E5, 0x94F5, 0xEFBF, 0xF7DF, 0xFFFF, 0xFFFF, 0xFFFF, 0xFFFF, 0xEFBF,
  0xBE39, 0x4AAC, 0x0884, 0x0884, 0x0884, 0xBE39, 0xFFFF, 0xF7BF, 0xFFFF, 0xFFFF, 0xFFFF, 0xFFFF,
  0xF7DF, 0xEF7E, 0x6BB0, 0x0884, 0x0884, 0x08A4, 0x0884, 0x94D4, 0xFFFF, 0xEF9F, 0xFFFF, 0xFFFF,
  0xFFFF, 0xFFFF, 0xF7FF, 0xFFFF, 0xDF1D, 0x2146, 0x0884, 0x0884, 0x73D0, 0xF7FF, 0xF7BF, 0xFFFF,
  0xFFFF, 0xFFFF, 0xFFFF, 0xFFFF, 0xFFFF, 0xFFFF, 0x4A8C, 0x0884, 0x0884, 0x636F, 0xF7DF, 0xFFFF,
  0xAD97, 0x0884, 0x0884, 0x0884, 0x0884, 0x0884, 0x7C32, 0xFFFF, 0xEFBF, 0x2967, 0x0884, 0x29A8,
  0xE75E, 0xFFFF, 0xADB8, 0x0884, 0x0884, 0x0884, 0x0884, 0x10E5, 0xD6DC, 0xF7DF, 0xFFFF, 0x6B8F,
  0x0884, 0x0884, 0x0884, 0x0884, 0x4AAC, 0xFFFF, 0xFFFF, 0x636F, 0x0884, 0x0884, 0x0884, 0x0884,
  0x10C5, 0xCE9B, 0xF7FF, 0xFFFF, 0xBE19, 0x10A4, 0x0884, 0x08A4, 0x0884, 0x426B, 0xEFBF, 0xFFFF,
  0x9D15, 0x0884, 0x0884, 0x0884, 0x0884, 0x0884, 0x0884, 0x73F1, 0xFFFF, 0xF7DF, 0x5B0E, 0x0884,
  0x424B, 0xF7FF, 0xF7BF, 0xFFFF, 0xFFFF, 0xFFFF, 0xFFFF, 0xFFFF, 0xFFFF, 0xFFFF, 0x634E, 0x0884,
  0x0884, 0x0884, 0x10C4, 0xB5B8, 0xF7BF, 0xEF9F, 0xD6DC, 0x94F5, 0x6B8F, 0x7C11, 0xB5D8, 0xE73D,
  0xFFFF, 0x8452, 0x0884, 0x0884, 0x0884, 0xADB7, 0xE77E, 0xCEBB, 0x8C93, 0x8CB3, 0x94D4, 0xA576,
  0xD6DC, 0xE77E, 0xF7BF, 0x6B6F, 0x0884, 0x08A4, 0x0884, 0x8C93, 0xF7DF, 0xD6DC, 0x94D4, 0x8C93,
  0x8CB4, 0x8CB4, 0x94B4, 0x8CB3, 0x8C93, 0x10E5, 0x0884, 0x0884, 0x6B6F, 0xEF9F, 0xDF1D, 0x9D35,
  0x8C93, 0x8CB3, 0x8C93, 0x94B4, 0x94B4, 0xAD97, 0x31C9, 0x0884, 0x0884, 0x5B0E, 0xEF9F, 0xDF3D,
  0xF7BF, 0x73F0, 0x0884, 0x0884, 0x0884, 0x0884, 0x7BF1, 0xEFBF, 0xDF1D, 0x1926, 0x0884, 0x0884,
  0xAD97, 0xEFBF, 0xD6DC, 0x2987, 0x0884, 0x08A4, 0x0884, 0x5B0E, 0xEFBF, 0xDF1D, 0xE75E, 0xAD97,
  0x0884, 0x0884, 0x0884, 0x0884, 0x94F4, 0xEFBF, 0xD6BC, 0x2147, 0x0884, 0x0884, 0x0884, 0x0884,
  0x52ED, 0xEF9F, 0xE73E, 0xEF7E, 0xEFBF, 0x426B, 0x0884, 0x0884, 0x0884, 0x0884, 0xB5F9, 0xE75E,
  0xDF1D, 0x2967, 0x0884, 0x0884, 0x0884, 0x0884, 0x10E5, 0xBE19, 0xF7DF, 0xB5F8, 0x08A4, 0x0884,
  0x3A2A, 0xE75E, 0xEF7E, 0xAD97, 0x8452, 0x8C73, 0x8472, 0x8452, 0x8473, 0x8CB4, 0x3A2A, 0x0884,
  0x0884, 0x0884, 0x7C32, 0xF7DF, 0xEF9F, 0xB5F8, 0x2167, 0x0884, 0x0884, 0x0884, 0x0884, 0x5AED,
  0x7BF1, 0x0884, 0x0884, 0x0884, 0x0884, 0xADB7, 0xF7FF, 0xB5F8, 0x0884, 0x0884, 0x0884, 0x0884,
  0x3A0A, 0xCE9B, 0xF7DF, 0xBE39, 0x08A4, 0x0884, 0x0884, 0x8473, 0xF7FF, 0xD6DC, 0x1926, 0x0884,
  0x0884, 0x0884, 0x0884, 0x0884, 0x0884, 0x0884, 0x08A4, 0x0884, 0x6B8F, 0xF7BF, 0xDF1D, 0x29A8,
  0x0884, 0x0884, 0x0884, 0x0884, 0x0884, 0x0884, 0x0884, 0x0884, 0x0884, 0x5B0D, 0xEF9F, 0xE75E,
  0xDF1D, 0xEF7E, 0x52ED, 0x0884, 0x08A4, 0x0884, 0x73F1, 0xF7DF, 0xDF1D, 0x1926, 0x0884, 0x0884,
  0x5B2E, 0xEFBF, 0xF7BF, 0x5B0D, 0x0884, 0x08A4, 0x0884, 0x8C73, 0xF7DF, 0xDF3D, 0xEF7E, 0xD6FC,
  0x2147, 0x0884, 0x0884, 0x10C5, 0xC67A, 0xFFFF, 0xA576, 0x0884, 0x0884, 0x0884, 0x0884, 0x0884,
  0xADB7, 0xF7DF, 0xB5D8, 0xBDF9, 0xF7DF, 0xA577, 0x0884, 0x0884, 0x0884, 0x0884, 0x5B2E, 0xF7BF,
  0xEF9F, 0x73B0, 0x0884, 0x0884, 0x0884, 0x0884, 0x4A8C, 0xE77E, 0xEFBF, 0x636F, 0x0884, 0x0884,
  0x3A2A, 0xE77E, 0xF7DF, 0x634E, 0x0884, 0x0884, 0x0884, 0x0884, 0x0884, 0x0884, 0x0884, 0x0884,
  0x0884, 0x2147, 0xDF1D, 0xEF9F, 0xCE9B, 0x1926, 0x0884, 0x08A4, 0x0884, 0x0884, 0x0884, 0x0884,
  0x0884, 0x0884, 0x0884, 0x0884, 0x0884, 0xADB7, 0xF7FF, 0xBE19, 0x08A4, 0x08A4, 0x08A4, 0x08A4,
  0x0884, 0xA556, 0xF7FF, 0xC67A, 0x1926, 0x0884, 0x0884, 0x8C93, 0xF7FF, 0xD6DC, 0x2146, 0x0884,
  0x0884, 0x0884, 0x0884, 0x0884, 0x0884, 0x0884, 0x08A4, 0x0884, 0x6BB0, 0xEF9F, 0xDF1D, 0x31C8,
  0x0884, 0x0884, 0x0884, 0x0884, 0x0884, 0x0884, 0x0884, 0x0884, 0x0884, 0x5B2E, 0xEF9F, 0xE75E,
  0xEF9F, 0xE77E, 0xE75E, 0x29A8, 0x0884, 0x0884, 0x73F1, 0xF7FF, 0xE73D, 0x1926, 0x0884, 0x0884,
  0x2988, 0xDF1D, 0xEF7F, 0xA576, 0x0884, 0x0884, 0x10E5, 0xC67A, 0xF7DF, 0xB5D8, 0xDEFC, 0xEF9F,
  0x634E, 0x0884, 0x0884, 0x4A6B, 0xEF7E, 0xEF9F, 0x5B0D, 0x0884, 0x0884, 0x0884, 0x0884, 0x422A,
  0xE75D, 0xEFBF, 0x424A, 0x5B0E, 0xF7DF, 0xE75D, 0x3A09, 0x0884, 0x08A4, 0x0884, 0x1905, 0xC65A,
  0xF7FF, 0xBE39, 0x08A4, 0x0884, 0x0884, 0x0884, 0xA556, 0xF7FF, 0xCE9B, 0x1906, 0x0884, 0x0884,
  0x3A09, 0xE75E, 0xF7FF, 0x634F, 0x0884, 0x0884, 0x0884, 0x0884, 0x0884, 0x0884, 0x0884, 0x0884,
  0x0884, 0x426B, 0xE77E, 0xEF9F, 0x7BF1, 0x0884, 0x08A4, 0x0884, 0x0884, 0x0884, 0x0884, 0x0884,
  0x0884, 0x0884, 0x0884, 0x0884, 0x0884, 0xB5D8, 0xFFFF, 0xBE19, 0x08A4, 0x0884, 0x0884, 0x0884,
  0x0884, 0xA556, 0xFFFF, 0xCE7A, 0x1906, 0x0884, 0x0884, 0x8C93, 0xF7BF, 0xD6FC, 0x636F, 0x4AAC,
  0x52CC, 0x52CC, 0x52AC, 0x52ED, 0x10E5, 0x0884, 0x08A4, 0x0884, 0x6B8F, 0xEFBF, 0xDF3D, 0x73D0,
  0x4AAC, 0x52CC, 0x52CC, 0x52CD, 0x52CC, 0x1926, 0x0884, 0x0884, 0x0884, 0x5B2E, 0xEFBF, 0xDF1D,
  0x8452, 0xD6FC, 0xEF9F, 0xBE19, 0x10E5, 0x0884, 0x73F1, 0xF7FF, 0xE73E, 0x2146, 0x0884, 0x0884,
  0x0884, 0xA556, 0xF7DF, 0xCEBB, 0x1926, 0x0884, 0x426B, 0xEF9F, 0xDF3D, 0x424A, 0xADB7, 0xFFFF,
  0x9D15, 0x0884, 0x0884, 0x7C32, 0xFFFF, 0xD6FC, 0x2147, 0x0884, 0x0884, 0x0884, 0x0884, 0x9D15,
  0xFFFF, 0xC63A, 0x08A4, 0x1906, 0xDF1D, 0xFFFF, 0x8C93, 0x0884, 0x0884, 0x0884, 0x0884, 0x7C32,
  0xEF9F, 0xEF9F, 0x52CC, 0x0884, 0x0884, 0x2987, 0xDF1D, 0xFFFF, 0x8473, 0x0884, 0x08A4, 0x0884,
  0x3A0A, 0xEF7E, 0xEFBF, 0x9D15, 0x5B0D, 0x634E, 0x634E, 0x5B2E, 0x634F, 0x3A09, 0x0884, 0x0884,
  0x0884, 0x52ED, 0xE75E, 0xF7DF, 0x5B0D, 0x0884, 0x0884, 0x0884, 0x0884, 0x0884, 0x0884, 0x4AAC,
  0x73B0, 0x52CC, 0x0884, 0x0884, 0x0884, 0xB5F8, 0xFFFF, 0xBE19, 0x10A4, 0x0884, 0x0884, 0x08A4,
  0x5B2E, 0xD6FC, 0xF7BF, 0xB5D8, 0x0884, 0x08A4, 0x0884, 0x8C93, 0xF7DF, 0xE73D, 0xF7FF, 0xFFFF,
  0xF7FF, 0xFFFF, 0xFFFF, 0xFFFF, 0x3A09, 0x0884, 0x08A4, 0x0884, 0x6B90, 0xEF9F, 0xE75E, 0xF7DF,
  0xFFFF, 0xF7FF, 0xF7BF, 0xF7DF, 0xFFFF, 0x424B, 0x0884, 0x08A4, 0x0884, 0x5B2E, 0xEF9F, 0xE75E,
  0x31E9, 0x6B8F, 0xFFFF, 0xF7BF, 0x9D35, 0x0884, 0x73F1, 0xF7DF, 0xE75E, 0x2988, 0x0884, 0x08A4,
  0x0884, 0x636F, 0xE77E, 0xEF9E, 0x634E, 0x0884, 0x94D4, 0xF7DF, 0xC65A, 0x0884, 0x73D0, 0xF7FF,
  0xD6FC, 0x2147, 0x0884, 0xC63A, 0xFFFF, 0x9CF5, 0x0884, 0x0884, 0x0884, 0x0884, 0x2967, 0xE73E,
  0xFFFF, 0x7BF1, 0x0884, 0x0884, 0x8C93, 0xF7FF, 0xD6DC, 0x2146, 0x0884, 0x0884, 0x0884, 0x2167,
  0xDF1D, 0xF7DF, 0x94F5, 0x0884, 0x0884, 0x7BF1, 0xF7DF, 0xE73E, 0x31C9, 0x0884, 0x08A4, 0x0884,
  0x3A09, 0xEF7F, 0xE75E, 0xF7BF, 0xFFFF, 0xFFFF, 0xFFFF, 0xF7DF, 0xFFFF, 0x94D4, 0x0884, 0x0884,
  0x0884, 0x52CC, 0xEF7E, 0xF7DF, 0x634E, 0x0884, 0x0884, 0x0884, 0x0884, 0x0884, 0x0884, 0xB5D8,
  0xFFFF, 0xAD76, 0x0884, 0x0884, 0x0884, 0xB5D8, 0xF7BF, 0xDF1D, 0xBE19, 0xADB7, 0xB5D8, 0xCE9B,
  0xEF7E, 0xEFBF, 0xE73D, 0x422A, 0x0884, 0x08A4, 0x0884, 0x8CB3, 0xF7DF, 0xDF1D, 0xBDF9, 0xB5D8,
  0xB5D8, 0xB5D8, 0xB5D8, 0xB5F8, 0x29A8, 0x0884, 0x08A4, 0x0884, 0x634E, 0xEF9F, 0xE73E, 0xC65A,
  0xB5F9, 0xBDF9, 0xB5F8, 0xB5D8, 0xB5D8, 0x39E9, 0x0884, 0x08A4, 0x0884, 0x5B2E, 0xEF9F, 0xE73E,
  0x426B, 0x0884, 0x9D15, 0xEF9F, 0xFFFF, 0x634E, 0x636F, 0xFFFF, 0xE75E, 0x2988, 0x0884, 0x0884,
  0x0884, 0x2147, 0xDF1D, 0xF7DF, 0x8CB4, 0x08A4, 0xBE19, 0xFFFF, 0x8C73, 0x0884, 0x426B, 0xEF7E,
  0xF7DF, 0x4A6B, 0x2988, 0xE75E, 0xEFBE, 0x5B0D, 0x0884, 0x08A4, 0x0884, 0x0884, 0x7C11, 0xF7BF,
  0xD6FC, 0x2988, 0x08A4, 0x0884, 0x3A2A, 0xDF3D, 0xF7DF, 0x73D0, 0x0884, 0x0884, 0x0884, 0x0884,
  0x9D15, 0xF7BF, 0xDF3D, 0x2167, 0x10C5, 0xC67A, 0xF7DF, 0xA536, 0x0884, 0x0884, 0x0884, 0x0884,
  0x3A0A, 0xEF7F, 0xE77E, 0xCE7B, 0xB5B8, 0xB5B8, 0xB5B8, 0xAD97, 0xBE39, 0x6B8F, 0x0884, 0x0884,
  0x0884, 0x3A09, 0xEF9F, 0xEFBF, 0x94F5, 0x0884, 0x0884, 0x0884, 0x0884, 0x0884, 0x0884, 0xA577,
  0xF7DF, 0x9D15, 0x0884, 0x0884, 0x0884, 0xB5D8, 0xEFBF, 0xDF1D, 0xF7DF, 0xF7FF, 0xFFFF, 0xEFBF,
  0xE75E, 0xD6BC, 0x3A2A, 0x0884, 0x0884, 0x0884, 0x0884, 0x8C93, 0xFFFF, 0xD6FC, 0x29A8, 0x10C5,
  0x10C5, 0x10A4, 0x10C5, 0x10C5, 0x0884, 0x0884, 0x0884, 0x0884, 0x632E, 0xEF9F, 0xDF1D, 0x424B,
  0x10E5, 0x10E5, 0x10C5, 0x10C5, 0x10C5, 0x08A4, 0x0884, 0x0884, 0x0884, 0x5B2E, 0xEF9F, 0xE73D,
  0x426B, 0x0884, 0x10E5, 0xBDF9, 0xEF9F, 0xCE9B, 0xBDF9, 0xE77E, 0xE75E, 0x2987, 0x0884, 0x0884,
  0x0884, 0x0884, 0xA576, 0xEFBF, 0xCE9B, 0x52CC, 0xE77E, 0xEF9F, 0x424B, 0x0884, 0x10A5, 0xBE19,
  0xFFFF, 0x8CB4, 0x634F, 0xF7DF, 0xCEBB, 0x2146, 0x0884, 0x0884, 0x0884, 0x1926, 0xC63A, 0xEF7E,
  0xDEFC, 0xB5F8, 0xBDF9, 0xB5F8, 0xBE19, 0xDF1D, 0xEFBF, 0xC67A, 0x10E5, 0x0884, 0x08A4, 0x0884,
  0x4A8B, 0xE75E, 0xF7DF, 0x7C11, 0x424A, 0xEFBF, 0xEFBF, 0x52CD, 0x0884, 0x08A4, 0x0884, 0x0884,
  0x3A0A, 0xE75E, 0xF7DF, 0x73F1, 0x08A4, 0x10C5, 0x08A4, 0x08A4, 0x08A4, 0x08A4, 0x0884, 0x0884,
  0x0884, 0x10C5, 0xBE19, 0xEF9F, 0xE75E, 0x5B0D, 0x0884, 0x0884, 0x0884, 0x0884, 0x0884, 0x9D36,
  0xFFFF, 0x9D36, 0x0884, 0x0884, 0x0884, 0xB5D8, 0xF7DF, 0xCE7B, 0x634E, 0x52ED, 0x634E, 0xCE9B,
  0xEF9F, 0xB5D8, 0x08A4, 0x0884, 0x0884, 0x0884, 0x0884, 0x8C73, 0xF7FF, 0xD6DC, 0x2147, 0x0884,
  0x0884, 0x0884, 0x0884, 0x0884, 0x0884, 0x0884, 0x0884, 0x0884, 0x634E, 0xEF9F, 0xDF3D, 0x31E9,
  0x0884, 0x0884, 0x0884, 0x0884, 0x0884, 0x0884, 0x0884, 0x0884, 0x0884, 0x5B2E, 0xEF9F, 0xDF3D,
  0x3A2A, 0x0884, 0x0884, 0x29A8, 0xDF3D, 0xEF9F, 0xE77E, 0xE75E, 0xE75E, 0x1926, 0x0884, 0x0884,
  0x08A4, 0x0884, 0x634F, 0xFFFF, 0xDF3D, 0xC65A, 0xEFBF, 0xBDF9, 0x10C5, 0x0884, 0x0884, 0x8CB3,
  0xF7BF, 0xCEBB, 0xCE9B, 0xF7DF, 0xAD97, 0x0884, 0x0884, 0x0884, 0x0884, 0x634F, 0xF7DF, 0xDF1D,
  0xEF9F, 0xF7DF, 0xF7FF, 0xF7FF, 0xF7FF, 0xF7BF, 0xE73E, 0xF7DF, 0x5B0D, 0x0884, 0x0884, 0x0884,
  0x08A4, 0xC65A, 0xFFFF, 0xBE19, 0xB5B8, 0xF7DF, 0xC65A, 0x10C5, 0x0884, 0x0884, 0x0884, 0x0884,
  0x3A0A, 0xEF7E, 0xF7FF, 0x6BB0, 0x0884, 0x0884, 0x0884, 0x0884, 0x0884, 0x0884, 0x0884, 0x0884,
  0x0884, 0x0884, 0x424A, 0xEF9F, 0xEF7E, 0xE75E, 0x7C11, 0x31C8, 0x1906, 0x2147, 0x4A6B, 0xCEBB,
  0xF7BF, 0x9D35, 0x0884, 0x0884, 0x0884, 0xADB7, 0xFFFF, 0xBE39, 0x0884, 0x0884, 0x0884, 0x5B0D,
  0xEF9F, 0xF7DF, 0x8C93, 0x0884, 0x0884, 0x0884, 0x0884, 0x8C93, 0xEF9F, 0xD6DC, 0x31E9, 0x1926,
  0x2146, 0x1926, 0x1926, 0x1926, 0x2146, 0x10A4, 0x0884, 0x0884, 0x636F, 0xEF9F, 0xDF1D, 0x4A8B,
  0x1926, 0x2147, 0x1926, 0x2126, 0x1926, 0x1926, 0x10C5, 0x0884, 0x0884, 0x5B0D, 0xEF9F, 0xE73D,
  0x3A2A, 0x0884, 0x08A4, 0x0884, 0x52ED, 0xEF9F, 0xE75E, 0xE77E, 0xE77E, 0x1926, 0x0884, 0x0884,
  0x0884, 0x0884, 0x2988, 0xD6DC, 0xE75E, 0xE75E, 0xF7DF, 0x8CB4, 0x0884, 0x08A4, 0x0884, 0x3A2A,
  0xEF9F, 0xE75E, 0xE75E, 0xF7BF, 0x632E, 0x0884, 0x0884, 0x0884, 0x08A4, 0xBE39, 0xF7BF, 0xBE19,
  0x426B, 0x426B, 0x426B, 0x4A6B, 0x426B, 0x4AAC, 0xC65A, 0xF7BF, 0xBDF8, 0x0884, 0x0884, 0x0884,
  0x0884, 0x6BB0, 0xF7FF, 0xE75E, 0xE77E, 0xF7BF, 0x6BB0, 0x0884, 0x0884, 0x0884, 0x0884, 0x0884,
  0x3A0A, 0xEF7E, 0xF7DF, 0x7C11, 0x2146, 0x2167, 0x2147, 0x2147, 0x2147, 0x2167, 0x1906, 0x0884,
  0x0884, 0x0884, 0x0884, 0x6BB0, 0xE73E, 0xF7BF, 0xF7DF, 0xDF1D, 0xBE39, 0xC67A, 0xE77E, 0xEF7E,
  0xF7FF, 0x94D4, 0x0884, 0x0884, 0x0884, 0xADB8, 0xF7FF, 0xBE39, 0x10E5, 0x0884, 0x08A4, 0x08A4,
  0xA576, 0xF7DF, 0xE73E, 0x424B, 0x0884, 0x08A4, 0x0884, 0x8C73, 0xEF9F, 0xDF1D, 0xCE9B, 0xC65A,
  0xC67A, 0xCE7A, 0xC65A, 0xBE39, 0xD6DC, 0x426B, 0x0884, 0x0884, 0x634F, 0xEF7E, 0xDF1D, 0xCE9B,
  0xC639, 0xC65A, 0xC67A, 0xC65A, 0xC65A, 0xD6DB, 0x52CD, 0x0884, 0x0884, 0x5B2E, 0xEF7E, 0xDF1D,
  0x3A2A, 0x0884, 0x0884, 0x0884, 0x0884, 0x7BF1, 0xF7DF, 0xDF3D, 0xE75E, 0x1926, 0x0884, 0x0884,
  0x0884, 0x0884, 0x0884, 0xB5B8, 0xEF9F, 0xDF1D, 0xE75E, 0x4A8C, 0x0884, 0x08A4, 0x0884, 0x10C5,
  0xC65A, 0xE75E, 0xDF1D, 0xD6DC, 0x2167, 0x0884, 0x08A4, 0x0884, 0x52CC, 0xE75D, 0xEF7E, 0x634E,
  0x0884, 0x0884, 0x0884, 0x0884, 0x0884, 0x0884, 0x94B4, 0xF7BF, 0xE73D, 0x426B, 0x0884, 0x08A4,
  0x0884, 0x2147, 0xD6DC, 0xE75E, 0xE73D, 0xE77E, 0x2167, 0x0884, 0x0884, 0x0884, 0x0884, 0x0884,
  0x3A0A, 0xE75E, 0xE75E, 0xD6DC, 0xC67A, 0xCE7B, 0xCE9B, 0xCE9B, 0xCE7B, 0xD6FC, 0x9D15, 0x0884,
  0x0884, 0x0884, 0x0884, 0x0884, 0x3A2A, 0xA556, 0xD6DC, 0xF7DF, 0xF7FF, 0xF7DF, 0xEF7E, 0xBE19,
  0x7C11, 0x1906, 0x0884, 0x0884, 0x0884, 0xB5F8, 0xFFFF, 0xC65A, 0x10C5, 0x0884, 0x08A4, 0x0884,
  0x31C8, 0xE75E, 0xFFFF, 0xD6BC, 0x1926, 0x0884, 0x0884, 0x94D4, 0xFFFF, 0xE77E, 0xF7DF, 0xF7DF,
  0xF7BF, 0xF7DF, 0xF7DF, 0xF7BF, 0xFFFF, 0x52CC, 0x0884, 0x0884, 0x73D0, 0xFFFF, 0xEFBF, 0xEFBF,
  0xF7DF, 0xF7BF, 0xF7DF, 0xF7FF, 0xEFBF, 0xFFFF, 0x634E, 0x0884, 0x0884, 0x636E, 0xF7FF, 0xEF7F,
  0x3A2A, 0x0884, 0x0884, 0x0884, 0x0884, 0x0884, 0xB5D8, 0xFFFF, 0xF7BF, 0x1926, 0x0884, 0x0884,
  0x0884, 0x0884, 0x0884, 0x6B8F, 0xF7FF, 0xF7DF, 0xD6BC, 0x10C5, 0x0884, 0x0884, 0x0884, 0x0884,
  0x94B4, 0xFFFF, 0xF7DF, 0xA556, 0x0884, 0x0884, 0x0884, 0x08A4, 0xB5D8, 0xFFFF, 0xDF1D, 0x1906,
  0x0884, 0x0884, 0x0884, 0x0884, 0x08A4, 0x0884, 0x3A0A, 0xEF9F, 0xFFFF, 0xAD97, 0x08A4, 0x0884,
  0x0884, 0x0884, 0x94D4, 0xFFFF, 0xFFFF, 0x94D4, 0x0884, 0x0884, 0x0884, 0x0884, 0x0884, 0x0884,
  0x3A2A, 0xF7DF, 0xEFBF, 0xF7DF, 0xF7DF, 0xF7FF, 0xF7FF, 0xF7FF, 0xF7DF, 0xFFFF, 0xBE19, 0x0884,
  0x0884, 0x0884, 0x0884, 0x0884, 0x0884, 0x0884, 0x2967, 0x4A8C, 0x52CC, 0x4AAC, 0x39E9, 0x10C5,
  0x0884, 0x0884, 0x0884, 0x0884, 0x0884, 0x2988, 0x3A09, 0x2988, 0x0884, 0x0884, 0x0884, 0x0884,
  0x0884, 0x31C8, 0x426B, 0x424B, 0x1926, 0x0884, 0x0884, 0x2988, 0x424A, 0x31C9, 0x31C9, 0x31C9,
  0x31E9, 0x3A2A, 0x3A2A, 0x422A, 0x426B, 0x1906, 0x0884, 0x0884, 0x2147, 0x424A, 0x424A, 0x3A2A,
  0x3A0A, 0x3A0A, 0x3A2A, 0x422A, 0x424A, 0x424B, 0x1926, 0x0884, 0x0884, 0x1906, 0x31E9, 0x31C8,
  0x10C5, 0x0884, 0x0884, 0x0884, 0x0884, 0x0884, 0x10C5, 0x39E9, 0x3A0A, 0x08A4, 0x0884, 0x0884,
  0x0884, 0x0884, 0x0884, 0x10C5, 0x31E9, 0x3A0A, 0x29A8, 0x0884, 0x0884, 0x0884, 0x0884, 0x0884,
  0x1926, 0x31E9, 0x31E9, 0x2146, 0x0884, 0x0884, 0x0884, 0x08A4, 0x31C9, 0x31E9, 0x29A8, 0x0884,
  0x0884, 0x0884, 0x0884, 0x0884, 0x0884, 0x0884, 0x0884, 0x31E9, 0x3A0A, 0x3A09, 0x08A4, 0x0884,
  0x0884, 0x0884, 0x1906, 0x31E9, 0x3A09, 0x1906, 0x0884, 0x0884, 0x0884, 0x0884, 0x0884, 0x0884,
  0x10C5, 0x31E9, 0x31E9, 0x31E9, 0x31C9, 0x31C9, 0x31C9, 0x31C8, 0x31C8, 0x31E9, 0x2987, 0x0884,
  0x0884, 0x0884, 0x0884, 0x0884, 0x0884, 0x0884, 0x0884, 0x0884, 0x0884, 0x0884, 0x0884, 0x0884,
  0x0884, 0x0884, 0x0884, 0x0884, 0x0884, 0x0884, 0x0884, 0x0884, 0x0884, 0x0884, 0x0884, 0x0884,
  0x0884, 0x0884, 0x0884, 0x0884, 0x0884, 0x0884, 0x0884, 0x0884, 0x0884, 0x0884, 0x0884, 0x0884,
  0x0884, 0x0884, 0x0884, 0x0884, 0x0884, 0x0884, 0x0884, 0x0884, 0x0884, 0x0884, 0x0884, 0x0884,
  0x0884, 0x0884, 0x0884, 0x0884, 0x0884, 0x0884, 0x0884, 0x0884, 0x0884, 0x0884, 0x0884, 0x0884,
  0x0884, 0x0884, 0x0884, 0x0884, 0x0884, 0x0884, 0x0884, 0x0884, 0x0884, 0x0884, 0x0884, 0x0884,
  0x0884, 0x0884, 0x0884, 0x0884, 0x0884, 0x0884, 0x0884, 0x0884, 0x0884, 0x0884, 0x0884, 0x0884,
  0x0884, 0x0884, 0x0884, 0x0884, 0x0884, 0x0884, 0x0884, 0x0884, 0x0884, 0x0884, 0x0884, 0x0884,
  0x0884, 0x0884, 0x0884, 0x0884, 0x0884, 0x0884, 0x0884, 0x0884, 0x0884, 0x0884, 0x0884, 0x0884,
  0x0884, 0x0884, 0x0884, 0x0884, 0x0884, 0x0884, 0x0884, 0x0884, 0x0884, 0x0884, 0x0884, 0x0884,
  0x0884, 0x0884, 0x0884, 0x0884, 0x0884, 0x0884, 0x0884, 0x0884, 0x0884, 0x0884, 0x0884, 0x0884,
  0x0884, 0x0884, 0x0884, 0x0884, 0x0884, 0x0884, 0x0884, 0x0884, 0x0884, 0x0884, 0x0884, 0x0884,
  0x0884, 0x0884, 0x0884, 0x0884, 0x0884, 0x0884, 0x0884, 0x0884, 0x0884, 0x0884, 0x0884, 0x0884,
  0x0884, 0x0884, 0x0884, 0x0884, 0x0884, 0x0884, 0x0884, 0x0884, 0x0884, 0x0884, 0x0884, 0x0884,
  0x0884, 0x0884, 0x0884, 0x0884, 0x0884, 0x0884, 0x0884, 0x0884, 0x0884, 0x0884, 0x0884, 0x0884,
  0x0884, 0x0884, 0x0884, 0x0884, 0x0884, 0x0884, 0x0884, 0x0884, 0x0884, 0x0884, 0x0884, 0x0884,
  0x0884, 0x0884, 0x0884, 0x0884, 0x0884, 0x0884, 0x0884, 0x0884, 0x0884, 0x0884, 0x0884, 0x0884,
  0x0884, 0x0884, 0x0884, 0x0884, 0x0884, 0x0884, 0x0884, 0x0884, 0x0884, 0x0884, 0x0884, 0x0884,
  0x0884, 0x0884, 0x0884, 0x0884, 0x0884, 0x0884, 0x0884, 0x0884, 0x0884, 0x0884, 0x0884, 0x0884,
  0x0884, 0x0884, 0x0884, 0x0884, 0x0884, 0x0884, 0x0884, 0x0884, 0x0884, 0x0884, 0x0884, 0x0884,
  0x0884, 0x0884, 0x0884, 0x0884, 0x0884, 0x0884, 0x0884, 0x0884, 0x0884, 0x0884, 0x0884, 0x0884,
  0x0884, 0x0884, 0x0884, 0x0884, 0x0884, 0x0884, 0x0884, 0x0884, 0x0884, 0x0884, 0x0884, 0x0884,
  0x0884, 0x0884, 0x0884, 0x0884, 0x0884, 0x0884, 0x0884, 0x0884, 0x0884, 0x0884, 0x0884, 0x0884,
  0x0884, 0x0884, 0x0884, 0x0884, 0x0884, 0x0884, 0x0884, 0x0884, 0x0884, 0x0884, 0x0884, 0x0884,
  0x0884, 0x0884, 0x0884, 0x0884, 0x0884, 0x0884, 0x0884, 0x0884, 0x0884, 0x0884, 0x0884, 0x0884,
  0x0884, 0x0884, 0x0884, 0x0884, 0x0884, 0x0884, 0x0884, 0x0884, 0x0884, 0x0884, 0x0884, 0x0884,
  0x0884, 0x0884, 0x0884, 0x0884, 0x0884, 0x0884, 0x0884, 0x0884, 0x0884, 0x0884, 0x0884, 0x0884,
  0x0884, 0x0884, 0x0884, 0x0884, 0x0884, 0x0884, 0x0884, 0x0884, 0x0884, 0x0884, 0x0884, 0x0884,
  0x0884, 0x0884, 0x0884, 0x0884, 0x0884, 0x0884, 0x0884, 0x0884, 0x0884, 0x0884, 0x0884, 0x0884,
  0x0884, 0x0884, 0x0884, 0x0884, 0x0884, 0x0884, 0x0884, 0x0884, 0x0884, 0x0884, 0x0884, 0x0884,
  0x0884, 0x0884, 0x0884, 0x0884, 0x0884, 0x0884, 0x0884, 0x0884, 0x0884, 0x0884, 0x0884, 0x0884,
  0x0884, 0x0884, 0x0884, 0x0884, 0x0884, 0x0884, 0x0884, 0x0884, 0x0884, 0x0884, 0x0884, 0x0884,
  0x0884, 0x0884, 0x0884, 0x0884, 0x0884, 0x0884, 0x0884, 0x0884, 0x0884, 0x0884, 0x0884, 0x0884,
  0x0884, 0x0884, 0x0884, 0x0884, 0x0884, 0x0884, 0x0884, 0x0884, 0x0884, 0x0884, 0x0884, 0x0884,
  0x0884, 0x0884, 0x0884, 0x0884, 0x0884, 0x0884, 0x0884, 0x0884, 0x0884, 0x0884, 0x0884, 0x0884,
  0x0884, 0x0884, 0x0884, 0x0884, 0x0884, 0x0884, 0x0884, 0x0884, 0x0884, 0x0884, 0x0884, 0x0884,
  0x0884, 0x0884, 0x0884, 0x0884, 0x0884, 0x0884, 0x0884, 0x0884, 0x0884, 0x0884, 0x0884, 0x0884,
  0x0884, 0x0884, 0x0884, 0x0884, 0x0884, 0x0884, 0x0884, 0x0884, 0x0884, 0x0884, 0x0884, 0x0884,
  0x0884, 0x0884, 0x0884, 0x0884, 0x0884, 0x0884, 0x0884, 0x0884, 0x0884, 0x0884, 0x0884, 0x0884,
  0x0884, 0x0884, 0x0884, 0x0884, 0x0884, 0x0884, 0x0884, 0x0884, 0x0884, 0x0884, 0x0884, 0x0884,
  0x0884, 0x0884, 0x0884, 0x0884, 0x0884, 0x0884, 0x0884, 0x0884, 0x0884, 0x0884, 0x0884, 0x0884,
  0x0884, 0x0884, 0x0884, 0x0884, 0x0884, 0x0884, 0x0884, 0x0884, 0x0884, 0x0884, 0x0884, 0x0884,
  0x0884, 0x0884, 0x0884, 0x0884, 0x0884, 0x0884, 0x0884, 0x0884, 0x0884, 0x0884, 0x0884, 0x0884,
  0x0884, 0x0884, 0x0884, 0x0884, 0x0884, 0x0884, 0x0884, 0x0884, 0x0884, 0x0884, 0x0884, 0x0884,
  0x0884, 0x0884, 0x0884, 0x0884, 0x0884, 0x0884, 0x0884, 0x0884, 0x0884, 0x0884, 0x0884, 0x0884,
  0x0884, 0x0884, 0x0884, 0x0884, 0x0884, 0x0884, 0x0884, 0x0884, 0x0884, 0x0884, 0x0884, 0x0884,
  0x0884, 0x0884, 0x0884, 0x0884, 0x0884, 0x0884, 0x0884, 0x0884, 0x0884, 0x08A4, 0x0884, 0x0884,
  0x0884, 0x0884, 0x0884, 0x0884, 0x0884, 0x0884, 0x0884, 0x0884, 0x0884, 0x0884, 0x0884, 0x0884,
  0x0884, 0x0884, 0x0884, 0x0884, 0x0884, 0x0884, 0x0884, 0x0884, 0x0884, 0x0884, 0x08C4, 0x2A25,
  0x08A4, 0x0884, 0x0884, 0x0884, 0x0884, 0x0884, 0x0884, 0x0884, 0x0884, 0x08A4, 0x0884, 0x0884,
  0x0884, 0x0884, 0x0884, 0x0884, 0x0884, 0x0884, 0x0884, 0x0884, 0x0884, 0x0884, 0x0884, 0x0884,
  0x0884, 0x0884, 0x21E5, 0x10E4, 0x0884, 0x0884, 0x0884, 0x0884, 0x0884, 0x0884, 0x0884, 0x0884,
  0x0884, 0x0884, 0x0884, 0x0884, 0x0884, 0x0884, 0x0884, 0x0884, 0x0884, 0x0884, 0x0884, 0x0884,
  0x0884, 0x0884, 0x0884, 0x0884, 0x0884, 0x0884, 0x0884, 0x0884, 0x0884, 0x0884, 0x0884, 0x0884,
  0x0884, 0x0884, 0x0884, 0x0884, 0x0884, 0x0884, 0x0884, 0x0884, 0x0884, 0x0884, 0x0884, 0x0884,
  0x0884, 0x0884, 0x0884, 0x0884, 0x0884, 0x0884, 0x0884, 0x0884, 0x0884, 0x0884, 0x0884, 0x0884,
  0x0884, 0x0884, 0x0884, 0x0884, 0x0884, 0x0884, 0x0884, 0x0884, 0x0884, 0x0884, 0x0884, 0x0884,
  0x0884, 0x0884, 0x0884, 0x0884, 0x0884, 0x0884, 0x0884, 0x0884, 0x3AE6, 0x4C07, 0x3BE6, 0x4447,
  0x4428, 0x4C08, 0x4BC8, 0x1925, 0x0884, 0x0884, 0x0884, 0x0884, 0x0884, 0x0884, 0x0884, 0x0884,
  0x0884, 0x0884, 0x0884, 0x0884, 0x0884, 0x0884, 0x0884, 0x0884, 0x0884, 0x0884, 0x1105, 0x4406,
  0x1104, 0x0884, 0x0884, 0x0884, 0x0884, 0x0884, 0x0884, 0x0884, 0x10E4, 0x4307, 0x10E4, 0x0884,
  0x0884, 0x0884, 0x0884, 0x0884, 0x0884, 0x0884, 0x0884, 0x0884, 0x0884, 0x0884, 0x0884, 0x0884,
  0x0884, 0x0884, 0x3B86, 0x1984, 0x0884, 0x0884, 0x0884, 0x0884, 0x0884, 0x0884, 0x0884, 0x0884,
  0x0884, 0x0884, 0x0884, 0x0884, 0x0884, 0x0884, 0x0884, 0x0884, 0x0884, 0x0884, 0x0884, 0x0884,
  0x0884, 0x0884, 0x0884, 0x0884, 0x0884, 0x0884, 0x0884, 0x0884, 0x0884, 0x0884, 0x0884, 0x0884,
  0x0884, 0x0884, 0x0884, 0x0884, 0x0884, 0x0884, 0x0884, 0x0884, 0x0884, 0x0884, 0x0884, 0x0884,
  0x0884, 0x0884, 0x0884, 0x0884, 0x0884, 0x0884, 0x0884, 0x0884, 0x0884, 0x0884, 0x0884, 0x0884,
  0x0884, 0x0884, 0x0884, 0x0884, 0x0884, 0x0884, 0x0884, 0x0884, 0x0884, 0x0884, 0x0884, 0x0884,
  0x0884, 0x0884, 0x0884, 0x0884, 0x0884, 0x0884, 0x0884, 0x0884, 0x1124, 0x1144, 0x1164, 0x4D08,
  0x2A86, 0x1124, 0x1945, 0x08A4, 0x0884, 0x0884, 0x0884, 0x08C4, 0x10E4, 0x0884, 0x0884, 0x0884,
  0x0884, 0x0884, 0x0884, 0x0884, 0x08C4, 0x10E4, 0x0884, 0x0884, 0x0884, 0x0884, 0x1125, 0x4406,
  0x08C3, 0x0884, 0x08C4, 0x0884, 0x0884, 0x0884, 0x0884, 0x0884, 0x1104, 0x4BE7, 0x1104, 0x0884,
  0x0884, 0x0884, 0x0884, 0x0884, 0x0884, 0x0884, 0x0884, 0x08A4, 0x0884, 0x0884, 0x0884, 0x0884,
  0x0884, 0x0884, 0x43E6, 0x1984, 0x0884, 0x10E4, 0x0884, 0x0884, 0x0884, 0x0884, 0x0884, 0x0884,
  0x0884, 0x08C4, 0x08C4, 0x0884, 0x0884, 0x0884, 0x0884, 0x0884, 0x0884, 0x0884, 0x0884, 0x0884,
  0x0884, 0x0884, 0x0884, 0x0884, 0x0884, 0x0884, 0x0884, 0x0884, 0x0884, 0x0884, 0x0884, 0x0884,
  0x0884, 0x0884, 0x0884, 0x0884, 0x0884, 0x0884, 0x0884, 0x0884, 0x0884, 0x0884, 0x0884, 0x0884,
  0x0884, 0x0884, 0x0884, 0x0884, 0x0884, 0x0884, 0x0884, 0x0884, 0x0884, 0x0884, 0x0884, 0x0884,
  0x0884, 0x0884, 0x0884, 0x0884, 0x0884, 0x0884, 0x0884, 0x0884, 0x0884, 0x0884, 0x0884, 0x0884,
  0x0884, 0x0884, 0x0884, 0x0884, 0x0884, 0x0884, 0x0884, 0x0884, 0x0884, 0x0884, 0x0884, 0x4C28,
  0x21A6, 0x0884, 0x0884, 0x0884, 0x0884, 0x0884, 0x3B08, 0x4C09, 0x4C29, 0x43E8, 0x1105, 0x0884,
  0x0884, 0x0884, 0x08C4, 0x3B27, 0x4C2A, 0x4C27, 0x4BE7, 0x2185, 0x0884, 0x0884, 0x1104, 0x4446,
  0x3326, 0x4B86, 0x53E7, 0x4347, 0x08C4, 0x0884, 0x0884, 0x0884, 0x1104, 0x4407, 0x1104, 0x0884,
  0x0884, 0x0884, 0x0884, 0x0884, 0x0884, 0x3266, 0x5C49, 0x4C09, 0x4C29, 0x2A06, 0x0884, 0x0884,
  0x0884, 0x0884, 0x4406, 0x3326, 0x3B87, 0x4408, 0x4C08, 0x21C6, 0x0884, 0x0884, 0x0884, 0x08C4,
  0x4BA8, 0x5469, 0x4BE9, 0x4308, 0x08A4, 0x0884, 0x0884, 0x0884, 0x0884, 0x0884, 0x0884, 0x0884,
  0x0884, 0x0884, 0x0884, 0x0884, 0x0884, 0x0884, 0x0884, 0x0884, 0x0884, 0x0884, 0x0884, 0x0884,
  0x0884, 0x0884, 0x0884, 0x0884, 0x0884, 0x0884, 0x0884, 0x0884, 0x0884, 0x0884, 0x0884, 0x0884,
  0x0884, 0x0884, 0x0884, 0x0884, 0x0884, 0x0884, 0x0884, 0x0884, 0x0884, 0x0884, 0x0884, 0x0884,
  0x0884, 0x0884, 0x0884, 0x0884, 0x0884, 0x0884, 0x0884, 0x0884, 0x0884, 0x0884, 0x0884, 0x0884,
  0x0884, 0x0884, 0x0884, 0x0884, 0x0884, 0x0884, 0x0884, 0x0884, 0x0884, 0x0884, 0x0884, 0x4407,
  0x21C6, 0x0884, 0x0884, 0x0884, 0x0884, 0x3B28, 0x3B27, 0x08C4, 0x0884, 0x32E7, 0x4C08, 0x0884,
  0x0884, 0x0884, 0x43C7, 0x43C7, 0x1105, 0x08C4, 0x3265, 0x2A65, 0x0884, 0x0884, 0x10E4, 0x4CE8,
  0x3BC7, 0x1925, 0x1124, 0x4C07, 0x4347, 0x0884, 0x0884, 0x0884, 0x1104, 0x4427, 0x1104, 0x0884,
  0x0884, 0x0884, 0x0884, 0x0884, 0x0884, 0x2206, 0x21A5, 0x10A4, 0x21E6, 0x5CA9, 0x1124, 0x0884,
  0x0884, 0x0884, 0x4407, 0x4CC8, 0x1985, 0x08C4, 0x2A66, 0x5CE9, 0x1965, 0x0884, 0x0884, 0x32E6,
  0x54A9, 0x08C4, 0x10E4, 0x21C6, 0x08A4, 0x0884, 0x0884, 0x0884, 0x0884, 0x0884, 0x0884, 0x0884,
  0x0884, 0x0884, 0x0884, 0x0884, 0x0884, 0x0884, 0x0884, 0x0884, 0x0884, 0x0884, 0x0884, 0x0884,
  0x0884, 0x0884, 0x0884, 0x0884, 0x0884, 0x0884, 0x0884, 0x0884, 0x0884, 0x0884, 0x0884, 0x0884,
  0x0884, 0x0884, 0x0884, 0x0884, 0x0884, 0x0884, 0x0884, 0x0884, 0x0884, 0x0884, 0x0884, 0x0884,
  0x0884, 0x0884, 0x0884, 0x0884, 0x0884, 0x0884, 0x0884, 0x0884, 0x0884, 0x0884, 0x0884, 0x0884,
  0x0884, 0x0884, 0x0884, 0x0884, 0x0884, 0x0884, 0x0884, 0x0884, 0x0884, 0x0884, 0x0884, 0x4C48,
  0x21E6, 0x0884, 0x0884, 0x0884, 0x1104, 0x4C89, 0x19C4, 0x1164, 0x1164, 0x21E5, 0x54C9, 0x1945,
  0x0884, 0x1964, 0x54A7, 0x08C4, 0x0884, 0x0884, 0x0884, 0x0884, 0x0884, 0x0884, 0x1104, 0x3C06,
  0x0903, 0x0884, 0x0884, 0x2205, 0x4C47, 0x0884, 0x0884, 0x0884, 0x10E4, 0x4406, 0x1104, 0x0884,
  0x0884, 0x0884, 0x0884, 0x0884, 0x0884, 0x0884, 0x19C5, 0x2A66, 0x2A67, 0x4CE7, 0x1A05, 0x0884,
  0x0884, 0x0884, 0x4407, 0x2225, 0x0884, 0x0884, 0x0884, 0x3BC7, 0x3B67, 0x0884, 0x0884, 0x2A86,
  0x5569, 0x2AA6, 0x1144, 0x0884, 0x0884, 0x0884, 0x0884, 0x0884, 0x0884, 0x0884, 0x0884, 0x0884,
  0x0884, 0x0884, 0x0884, 0x0884, 0x0884, 0x0884, 0x0884, 0x0884, 0x0884, 0x0884, 0x0884, 0x0884,
  0x0884, 0x0884, 0x0884, 0x0884, 0x0884, 0x0884, 0x0884, 0x0884, 0x0884, 0x0884, 0x0884, 0x0884,
  0x0884, 0x0884, 0x0884, 0x0884, 0x0884, 0x0884, 0x0884, 0x0884, 0x0884, 0x0884, 0x0884, 0x0884,
  0x0884, 0x0884, 0x0884, 0x0884, 0x0884, 0x0884, 0x0884, 0x0884, 0x0884, 0x0884, 0x0884, 0x0884,
  0x0884, 0x0884, 0x0884, 0x0884, 0x0884, 0x0884, 0x0884, 0x0884, 0x0884, 0x0884, 0x0884, 0x4C49,
  0x21E6, 0x0884, 0x08A4, 0x0884, 0x1125, 0x4C89, 0x2B06, 0x2AC5, 0x32E6, 0x3B27, 0x3B07, 0x1124,
  0x0884, 0x19A4, 0x4427, 0x0884, 0x0884, 0x0884, 0x0884, 0x0884, 0x0884, 0x0884, 0x1104, 0x4407,
  0x08E4, 0x0884, 0x0884, 0x2205, 0x4407, 0x0884, 0x0884, 0x0884, 0x10E4, 0x4407, 0x1104, 0x0884,
  0x0884, 0x0884, 0x0884, 0x0884, 0x08A4, 0x4448, 0x4C88, 0x3B47, 0x4388, 0x4D48, 0x1A24, 0x0884,
  0x0884, 0x0884, 0x43E7, 0x19A5, 0x0884, 0x08A4, 0x0884, 0x3346, 0x3BC6, 0x0884, 0x08A4, 0x0884,
  0x2225, 0x43E8, 0x54A8, 0x43C7, 0x08C4, 0x0884, 0x0884, 0x0884, 0x0884, 0x0884, 0x0884, 0x0884,
  0x0884, 0x0884, 0x0884, 0x0884, 0x0884, 0x0884, 0x0884, 0x0884, 0x0884, 0x0884, 0x0884, 0x0884,
  0x0884, 0x0884, 0x0884, 0x0884, 0x0884, 0x0884, 0x0884, 0x0884, 0x0884, 0x0884, 0x0884, 0x0884,
  0x0884, 0x0884, 0x0884, 0x0884, 0x0884, 0x0884, 0x0884, 0x0884, 0x0884, 0x0884, 0x0884, 0x0884,
  0x0884, 0x0884, 0x0884, 0x0884, 0x0884, 0x0884, 0x0884, 0x0884, 0x0884, 0x0884, 0x0884, 0x0884,
  0x0884, 0x0884, 0x0884, 0x0884, 0x0884, 0x0884, 0x0884, 0x0884, 0x0884, 0x0884, 0x0884, 0x5449,
  0x2206, 0x0884, 0x0884, 0x0884, 0x08A4, 0x4447, 0x2265, 0x0884, 0x0884, 0x0884, 0x08A4, 0x0884,
  0x0884, 0x08C4, 0x4C48, 0x19A5, 0x0884, 0x0884, 0x0884, 0x10E4, 0x0884, 0x0884, 0x1104, 0x4BE7,
  0x08E4, 0x0884, 0x0884, 0x2A25, 0x4C47, 0x0884, 0x0884, 0x0884, 0x10E4, 0x4408, 0x08C4, 0x0884,
  0x0884, 0x0884, 0x0884, 0x0884, 0x1965, 0x54E8, 0x08C4, 0x0884, 0x0884, 0x3C46, 0x1A05, 0x0884,
  0x0884, 0x0884, 0x4428, 0x3347, 0x0884, 0x0884, 0x0884, 0x54C8, 0x3306, 0x0884, 0x08A4, 0x08C4,
  0x0884, 0x0884, 0x08A4, 0x5D09, 0x3267, 0x0884, 0x0884, 0x0884, 0x0884, 0x0884, 0x0884, 0x0884,
  0x0884, 0x0884, 0x0884, 0x0884, 0x0884, 0x0884, 0x0884, 0x0884, 0x0884, 0x0884, 0x0884, 0x0884,
  0x0884, 0x0884, 0x0884, 0x0884, 0x0884, 0x0884, 0x0884, 0x0884, 0x0884, 0x0884, 0x0884, 0x0884,
  0x0884, 0x0884, 0x0884, 0x0884, 0x0884, 0x0884, 0x0884, 0x0884, 0x0884, 0x0884, 0x0884, 0x0884,
  0x0884, 0x0884, 0x0884, 0x0884, 0x0884, 0x0884, 0x0884, 0x0884, 0x0884, 0x0884, 0x0884, 0x0884,
  0x0884, 0x0884, 0x0884, 0x0884, 0x0884, 0x0884, 0x0884, 0x0884, 0x0884, 0x0884, 0x0884, 0x5C8A,
  0x2A27, 0x0884, 0x0884, 0x0884, 0x0884, 0x19E5, 0x4487, 0x3366, 0x2A85, 0x43E8, 0x32A7, 0x0884,
  0x0884, 0x0884, 0x2206, 0x5428, 0x2AC6, 0x2A65, 0x4BE8, 0x2A66, 0x0884, 0x0884, 0x1105, 0x4BE7,
  0x10E4, 0x0884, 0x0884, 0x3266, 0x54A8, 0x0884, 0x0884, 0x0884, 0x10E4, 0x5508, 0x3BA7, 0x3B08,
  0x3B08, 0x4368, 0x2A26, 0x0884, 0x10E4, 0x5469, 0x3B87, 0x2266, 0x3B67, 0x5D69, 0x2205, 0x0884,
  0x0884, 0x0884, 0x4427, 0x54A8, 0x4388, 0x2AE6, 0x4C48, 0x4C28, 0x08E4, 0x0884, 0x0884, 0x3267,
  0x4BA9, 0x2A85, 0x3327, 0x5469, 0x1965, 0x0884, 0x0884, 0x0884, 0x0884, 0x0884, 0x0884, 0x0884,
  0x0884, 0x0884, 0x0884, 0x0884, 0x0884, 0x0884, 0x0884, 0x0884, 0x0884, 0x0884, 0x0884, 0x0884,
  0x0884, 0x0884, 0x0884, 0x0884, 0x0884, 0x0884, 0x0884, 0x0884, 0x0884, 0x0884, 0x0884, 0x0884,
  0x0884, 0x0884, 0x0884, 0x0884, 0x0884, 0x0884, 0x0884, 0x0884, 0x0884, 0x0884, 0x0884, 0x0884,
  0x0884, 0x0884, 0x0884, 0x0884, 0x0884, 0x0884, 0x0884, 0x0884, 0x0884, 0x0884, 0x0884, 0x0884,
  0x0884, 0x0884, 0x0884, 0x0884, 0x0884, 0x0884, 0x0884, 0x0884, 0x0884, 0x0884, 0x0884, 0x2A26,
  0x1925, 0x0884, 0x0884, 0x0884, 0x0884, 0x0884, 0x1124, 0x3326, 0x3366, 0x2A46, 0x08A4, 0x0884,
  0x0884, 0x0884, 0x0884, 0x1985, 0x3326, 0x3345, 0x2A66, 0x08A4, 0x0884, 0x0884, 0x08C4, 0x21E5,
  0x08A4, 0x0884, 0x0884, 0x1965, 0x2A66, 0x0884, 0x0884, 0x0884, 0x08A4, 0x2AE6, 0x3346, 0x3307,
  0x3B28, 0x3B68, 0x2246, 0x0884, 0x0884, 0x1125, 0x3B27, 0x3B87, 0x21E5, 0x2245, 0x1165, 0x0884,
  0x0884, 0x0884, 0x1A05, 0x1145, 0x2AA6, 0x3386, 0x2AE6, 0x08C4, 0x0884, 0x0884, 0x0884, 0x08C4,
  0x3267, 0x3B66, 0x3B67, 0x1986, 0x0884, 0x0884, 0x0884, 0x0884, 0x0884, 0x0884, 0x0884, 0x0884,
  0x0884, 0x0884, 0x0884, 0x0884, 0x0884, 0x0884, 0x0884, 0x0884, 0x0884, 0x0884, 0x0884, 0x0884,
  0x0884, 0x0884, 0x0884, 0x0884, 0x0884, 0x0884, 0x0884, 0x0884, 0x0884, 0x0884, 0x0884, 0x0884
};

#define LOGO_MARK_W 46
#define LOGO_MARK_H 46

const uint16_t LOGO_MARK[2116] PROGMEM = {
  0x1107, 0x1107, 0x1107, 0x1107, 0x1107, 0x1107, 0x1107, 0x1107, 0x1107, 0x1107, 0x1107, 0x1107,
  0x1107, 0x1107, 0x1107, 0x1107, 0x1107, 0x19E7, 0x2AE8, 0x3BE9, 0x4CCA, 0x554B, 0x556B, 0x4D6B,
  0x4D4B, 0x4D0A, 0x3C2A, 0x3329, 0x2208, 0x1127, 0x1107, 0x1107, 0x1107, 0x1107, 0x1107, 0x1107,
  0x1107, 0x1107, 0x1107, 0x1107, 0x1107, 0x1107, 0x1107, 0x1107, 0x1107, 0x1107, 0x1107, 0x1107,
  0x1107, 0x1107, 0x1107, 0x1107, 0x1107, 0x1107, 0x1107, 0x1107, 0x1107, 0x1107, 0x1107, 0x1107,
  0x19C8, 0x3389, 0x4D2A, 0x564B, 0x5EAC, 0x5E6C, 0x5E0B, 0x558A, 0x4D4A, 0x452A, 0x4D6A, 0x55EC,
  0x5E6C, 0x5EAC, 0x5E4C, 0x4D6A, 0x3BE9, 0x2228, 0x1107, 0x1107, 0x1107, 0x1107, 0x1107, 0x1107,
  0x1107, 0x1107, 0x1107, 0x1107, 0x1107, 0x1107, 0x1107, 0x1107, 0x1107, 0x1107, 0x1107, 0x1107,
  0x1107, 0x1107, 0x1107, 0x1107, 0x1107, 0x1107, 0x1107, 0x1107, 0x19E8, 0x3C69, 0x5E4B, 0x66CD,
  0x55CB, 0x446A, 0x2B29, 0x1A08, 0x1967, 0x1127, 0x1107, 0x1107, 0x1107, 0x1147, 0x19E8, 0x2AE8,
  0x3C29, 0x556B, 0x66AD, 0x66AC, 0x44EB, 0x2288, 0x1107, 0x1107, 0x1107, 0x1107, 0x1107, 0x1107,
  0x1107, 0x1107, 0x1107, 0x1107, 0x1107, 0x1107, 0x1107, 0x1107, 0x1107, 0x1107, 0x1107, 0x1107,
  0x1107, 0x1107, 0x1107, 0x1107, 0x1147, 0x3BC9, 0x5E6B, 0x56AC, 0x44C9, 0x2AA8, 0x1147, 0x1107,
  0x1107, 0x1107, 0x1107, 0x1107, 0x1107, 0x1107, 0x1107, 0x1107, 0x1107, 0x1107, 0x1107, 0x1107,
  0x2248, 0x3C69, 0x564B, 0x5E8C, 0x448A, 0x19C7, 0x1107, 0x1107, 0x1107, 0x1107, 0x1107, 0x1107,
  0x1107, 0x1107, 0x1107, 0x1107, 0x1107, 0x1107, 0x1107, 0x1107, 0x1107, 0x1107, 0x1107, 0x1107,
  0x1107, 0x2248, 0x4D8A, 0x5ECC, 0x4D0B, 0x2228, 0x1107, 0x1107, 0x1107, 0x1107, 0x1107, 0x1107,
  0x1107, 0x1107, 0x1107, 0x1107, 0x1107, 0x1107, 0x1107, 0x1107, 0x1127, 0x1107, 0x1107, 0x1107,
  0x2208, 0x4469, 0x668C, 0x5DEB, 0x2AE8, 0x1107, 0x1107, 0x1107, 0x1107, 0x1107, 0x1107, 0x1107,
  0x1107, 0x1107, 0x1107, 0x1107, 0x1107, 0x1107, 0x1107, 0x1107, 0x1107, 0x1107, 0x3329, 0x5E6C,
  0x564B, 0x2B49, 0x1107, 0x1107, 0x1107, 0x1107, 0x1107, 0x1107, 0x1107, 0x1107, 0x1107, 0x1107,
  0x1147, 0x2AC8, 0x22A8, 0x19E7, 0x1147, 0x1107, 0x1107, 0x1107, 0x1127, 0x1107, 0x1107, 0x1107,
  0x2A89, 0x558B, 0x5EAC, 0x3BA9, 0x1107, 0x1107, 0x1107, 0x1107, 0x1107, 0x1107, 0x1107, 0x1107,
  0x1107, 0x1107, 0x1107, 0x1107, 0x1107, 0x1107, 0x1107, 0x3349, 0x5EAC, 0x55AC, 0x2228, 0x1107,
  0x1107, 0x1107, 0x1107, 0x1107, 0x1107, 0x1107, 0x1107, 0x1107, 0x1107, 0x1107, 0x1A27, 0x5EAB,
  0x66CB, 0x668C, 0x65EB, 0x44CA, 0x2B08, 0x1167, 0x1107, 0x1107, 0x1107, 0x1107, 0x1107, 0x1987,
  0x4CCB, 0x6ECD, 0x3C49, 0x1127, 0x1107, 0x1107, 0x1107, 0x1107, 0x1107, 0x1107, 0x1107, 0x1107,
  0x1107, 0x1107, 0x1107, 0x1107, 0x3348, 0x5EAC, 0x4D4B, 0x19A7, 0x1107, 0x1107, 0x1107, 0x1107,
  0x1107, 0x1107, 0x1107, 0x1107, 0x1107, 0x1107, 0x1107, 0x1107, 0x1147, 0x22A9, 0x3309, 0x3BA9,
  0x4CCA, 0x5E2B, 0x5ECB, 0x55EA, 0x3BA9, 0x1147, 0x1107, 0x1107, 0x1107, 0x1107, 0x1127, 0x446A,
  0x5ECD, 0x3C0A, 0x1107, 0x1107, 0x1107, 0x1107, 0x1107, 0x1107, 0x1107, 0x1107, 0x1107, 0x1107,
  0x1107, 0x2AA8, 0x5E8C, 0x458A, 0x1187, 0x1107, 0x1107, 0x1107, 0x1107, 0x1107, 0x1107, 0x1107,
  0x1107, 0x1107, 0x1107, 0x1107, 0x1107, 0x1107, 0x1107, 0x1107, 0x1107, 0x1107, 0x1107, 0x19A7,
  0x2B28, 0x4D4A, 0x6ECD, 0x558A, 0x22A7, 0x1107, 0x1107, 0x1107, 0x1107, 0x1107, 0x3C8A, 0x66CD,
  0x3369, 0x1107, 0x1107, 0x1107, 0x1107, 0x1107, 0x1107, 0x1107, 0x1107, 0x1107, 0x19A7, 0x5E0C,
  0x55CB, 0x19A7, 0x1107, 0x1107, 0x1107, 0x1107, 0x1107, 0x1107, 0x1107, 0x1107, 0x1107, 0x1107,
  0x1107, 0x1107, 0x1107, 0x1107, 0x1167, 0x12CA, 0x1A49, 0x11C8, 0x1107, 0x1107, 0x1107, 0x1127,
  0x3329, 0x560A, 0x5E8B, 0x3B89, 0x1107, 0x1107, 0x1107, 0x1107, 0x1127, 0x4CEC, 0x66AD, 0x2268,
  0x1107, 0x1107, 0x1107, 0x1107, 0x1107, 0x1107, 0x1107, 0x1107, 0x44CA, 0x5EAD, 0x2A48, 0x1107,
  0x1107, 0x1107, 0x1107, 0x1107, 0x1107, 0x1107, 0x1107, 0x1107, 0x1107, 0x1107, 0x1107, 0x1107,
  0x1107, 0x1107, 0x1208, 0x1E31, 0x1DF0, 0x1D8F, 0x14CD, 0x134B, 0x1188, 0x1107, 0x1107, 0x19E7,
  0x4D0A, 0x66CD, 0x3BE9, 0x1107, 0x1107, 0x1107, 0x1107, 0x1987, 0x55EC, 0x4D8B, 0x1167, 0x1107,
  0x1107, 0x1107, 0x1107, 0x1107, 0x1107, 0x22E8, 0x5ECC, 0x3BE9, 0x1107, 0x1107, 0x1107, 0x1107,
  0x1107, 0x1107, 0x1107, 0x1107, 0x1107, 0x1107, 0x1107, 0x1107, 0x1107, 0x1107, 0x1107, 0x1107,
  0x1147, 0x1229, 0x0AA9, 0x13AB, 0x152E, 0x1E31, 0x1D4F, 0x12EA, 0x1127, 0x1107, 0x1147, 0x44AA,
  0x5ECC, 0x3369, 0x1107, 0x1107, 0x1107, 0x1107, 0x2AC8, 0x5EAC, 0x33C9, 0x1107, 0x1107, 0x1107,
  0x1107, 0x1107, 0x1147, 0x458A, 0x4DA9, 0x1147, 0x1107, 0x1107, 0x1107, 0x1107, 0x1107, 0x1107,
  0x1107, 0x1107, 0x1107, 0x1107, 0x1107, 0x1107, 0x1107, 0x1107, 0x1107, 0x1107, 0x1107, 0x1107,
  0x1107, 0x1107, 0x1107, 0x1289, 0x1C8D, 0x1DF1, 0x144D, 0x1167, 0x1107, 0x1147, 0x4D0A, 0x5E8C,
  0x2267, 0x1107, 0x1107, 0x1107, 0x1107, 0x44EA, 0x5E4C, 0x19C8, 0x1107, 0x1107, 0x1107, 0x1107,
  0x2B08, 0x5ECB, 0x2B48, 0x1107, 0x1107, 0x1107, 0x1107, 0x1107, 0x1107, 0x1107, 0x1107, 0x1107,
  0x1107, 0x1107, 0x1107, 0x1107, 0x1107, 0x1107, 0x1107, 0x1107, 0x11A8, 0x146D, 0x140D, 0x12EB,
  0x1167, 0x1107, 0x1127, 0x1B6C, 0x1E11, 0x14CE, 0x1188, 0x1107, 0x19A7, 0x560B, 0x558B, 0x1147,
  0x1107, 0x1107, 0x1107, 0x2248, 0x66AD, 0x3C0A, 0x1107, 0x1107, 0x1107, 0x1107, 0x4D4B, 0x55EB,
  0x1147, 0x1107, 0x1107, 0x1107, 0x1107, 0x1107, 0x1107, 0x1107, 0x1107, 0x1107, 0x1107, 0x1107,
  0x1107, 0x1107, 0x1107, 0x1107, 0x1107, 0x1107, 0x09A8, 0x14EF, 0x15B1, 0x1632, 0x154F, 0x132B,
  0x1107, 0x1107, 0x12EA, 0x1DF1, 0x144D, 0x1127, 0x1107, 0x2AC9, 0x66EE, 0x3389, 0x1107, 0x1107,
  0x1107, 0x1107, 0x4CCB, 0x5E0C, 0x1967, 0x1107, 0x1107, 0x2228, 0x66CD, 0x3C09, 0x1107, 0x1127,
  0x1107, 0x1107, 0x1107, 0x1107, 0x1107, 0x1107, 0x1107, 0x1107, 0x1107, 0x1107, 0x1107, 0x1107,
  0x1107, 0x1107, 0x1107, 0x1107, 0x1107, 0x1107, 0x1147, 0x0AAA, 0x0CAE, 0x1632, 0x146E, 0x1167,
  0x1107, 0x132B, 0x1DF1, 0x134B, 0x1107, 0x1107, 0x4D2A, 0x4DEB, 0x1167, 0x1107, 0x1107, 0x1107,
  0x2AE9, 0x5ECC, 0x2AE8, 0x1107, 0x1107, 0x33C9, 0x5ECC, 0x1A28, 0x1107, 0x1107, 0x1107, 0x1107,
  0x1107, 0x1107, 0x1107, 0x1107, 0x1107, 0x1107, 0x1107, 0x1107, 0x1107, 0x1107, 0x1107, 0x1107,
  0x1107, 0x1107, 0x1147, 0x1249, 0x1147, 0x1107, 0x0927, 0x138C, 0x1E53, 0x146E, 0x1127, 0x1107,
  0x146D, 0x1DB1, 0x11C8, 0x1107, 0x22E8, 0x5EAC, 0x2B29, 0x1107, 0x1107, 0x1107, 0x1987, 0x560B,
  0x3C89, 0x1107, 0x1107, 0x44EA, 0x4DCA, 0x1187, 0x2248, 0x3389, 0x444A, 0x44EA, 0x44EA, 0x44C9,
  0x3C29, 0x3389, 0x2AA8, 0x19A7, 0x1107, 0x1107, 0x1107, 0x1107, 0x1107, 0x1107, 0x1107, 0x1107,
  0x11E9, 0x1612, 0x0D50, 0x138C, 0x1127, 0x1107, 0x136B, 0x1632, 0x0B4B, 0x1107, 0x1229, 0x1631,
  0x13AC, 0x1107, 0x1167, 0x4DEB, 0x3CCA, 0x1107, 0x1107, 0x1107, 0x1107, 0x44EA, 0x4DAB, 0x1147,
  0x1167, 0x4DAA, 0x4DC9, 0x4D8A, 0x5ECC, 0x5EEC, 0x564B, 0x4DEA, 0x4DCA, 0x4DEA, 0x4E2B, 0x5EAC,
  0x6ECC, 0x662C, 0x450A, 0x3369, 0x19A7, 0x1107, 0x1107, 0x1107, 0x1107, 0x1107, 0x1147, 0x0AEA,
  0x144E, 0x1E53, 0x144D, 0x1127, 0x1107, 0x146E, 0x1590, 0x0988, 0x1107, 0x14AE, 0x150F, 0x1127,
  0x1107, 0x448A, 0x562C, 0x1167, 0x1107, 0x1107, 0x1107, 0x33A9, 0x5E6C, 0x1A08, 0x2228, 0x562C,
  0x5E6B, 0x4D4B, 0x2BA8, 0x2247, 0x1946, 0x1107, 0x1107, 0x1126, 0x1187, 0x2248, 0x3349, 0x44AA,
  0x4DEA, 0x5EAC, 0x564B, 0x3C6A, 0x2208, 0x1107, 0x1107, 0x1107, 0x1107, 0x1107, 0x1107, 0x132B,
  0x1E12, 0x136C, 0x1107, 0x0A69, 0x1632, 0x0B2B, 0x1107, 0x132B, 0x1DB1, 0x1209, 0x1107, 0x3349,
  0x66AC, 0x2248, 0x1107, 0x1127, 0x1107, 0x2AE9, 0x66AC, 0x2AE8, 0x2308, 0x4DCC, 0x3329, 0x1229,
  0x0AAA, 0x0B2B, 0x132C, 0x134B, 0x128A, 0x11C8, 0x1107, 0x1107, 0x1107, 0x1107, 0x1167, 0x22C8,
  0x44CA, 0x5E8C, 0x5E6C, 0x3C69, 0x19E7, 0x1107, 0x1107, 0x1107, 0x1107, 0x1107, 0x144E, 0x1570,
  0x0947, 0x0927, 0x1D71, 0x144E, 0x1107, 0x1209, 0x15D1, 0x12CA, 0x1107, 0x22A8, 0x66AC, 0x2B08,
  0x1107, 0x1127, 0x1107, 0x2248, 0x5E8C, 0x2B89, 0x1A88, 0x1BEB, 0x146F, 0x15F2, 0x1E12, 0x1DB1,
  0x1590, 0x1DD1, 0x1DF2, 0x1E13, 0x1550, 0x140D, 0x1269, 0x1107, 0x1107, 0x1107, 0x1107, 0x1A08,
  0x448A, 0x568B, 0x4E0B, 0x2B49, 0x1107, 0x1107, 0x1127, 0x1107, 0x12CA, 0x15D1, 0x1209, 0x1107,
  0x148E, 0x14AE, 0x1107, 0x11A8, 0x15B0, 0x134B, 0x1107, 0x2248, 0x566C, 0x3369, 0x1107, 0x1127,
  0x1107, 0x21E8, 0x5E4C, 0x33C9, 0x12AA, 0x1550, 0x1530, 0x13CD, 0x126A, 0x11E8, 0x11A8, 0x11E8,
  0x1A6A, 0x136C, 0x146E, 0x154F, 0x15B1, 0x14CF, 0x12CA, 0x1127, 0x1107, 0x1107, 0x1107, 0x2288,
  0x4D4B, 0x66CD, 0x44CA, 0x19A7, 0x1107, 0x1107, 0x1147, 0x11C8, 0x1147, 0x1107, 0x1188, 0x11A8,
  0x1107, 0x1127, 0x11C8, 0x1167, 0x1107, 0x1127, 0x19E8, 0x1167, 0x1107, 0x1107, 0x1107, 0x19C8,
  0x5E2C, 0x3BE9, 0x130B, 0x15B1, 0x09E8, 0x1107, 0x1107, 0x1107, 0x1107, 0x1107, 0x1107, 0x1107,
  0x2BEA, 0x352D, 0x1C0C, 0x1530, 0x1633, 0x14CF, 0x1249, 0x1107, 0x1107, 0x1107, 0x1127, 0x3C09,
  0x5EAD, 0x4DCB, 0x22C8, 0x1107, 0x1107, 0x1107, 0x1107, 0x1107, 0x1107, 0x1107, 0x1107, 0x1107,
  0x1107, 0x1107, 0x1107, 0x1107, 0x1107, 0x1107, 0x1107, 0x1107, 0x1107, 0x2208, 0x566C, 0x33C9,
  0x12EA, 0x1DB1, 0x238C, 0x22E9, 0x2309, 0x2309, 0x22E9, 0x2B0A, 0x2309, 0x2C8A, 0x2B6A, 0x2289,
  0x2BEB, 0x1147, 0x134C, 0x1D70, 0x15D1, 0x13AC, 0x1147, 0x1107, 0x1107, 0x1107, 0x22C8, 0x4DCA,
  0x56AB, 0x3C29, 0x1167, 0x1107, 0x1107, 0x1107, 0x1107, 0x1107, 0x1107, 0x1107, 0x1107, 0x1107,
  0x1107, 0x1107, 0x1107, 0x1107, 0x1107, 0x1107, 0x1107, 0x2288, 0x5EAC, 0x3369, 0x12AA, 0x1DF2,
  0x244D, 0x236A, 0x238A, 0x2349, 0x2B6A, 0x2B4A, 0x2349, 0x2C8A, 0x2348, 0x2288, 0x2C4B, 0x1107,
  0x1107, 0x11A8, 0x140C, 0x1E13, 0x1D10, 0x1229, 0x1107, 0x1107, 0x1107, 0x19A7, 0x446A, 0x5ECC,
  0x4DAA, 0x2B09, 0x1127, 0x1107, 0x1107, 0x1107, 0x1107, 0x1107, 0x1107, 0x1107, 0x1107, 0x1107,
  0x1107, 0x1107, 0x1107, 0x1127, 0x1107, 0x22E8, 0x5E8B, 0x2AE8, 0x1209, 0x1DF2, 0x12AA, 0x1107,
  0x1107, 0x1248, 0x246D, 0x234B, 0x1107, 0x1127, 0x2BA9, 0x340A, 0x19A7, 0x1107, 0x1107, 0x1107,
  0x1107, 0x12AB, 0x1591, 0x15B2, 0x12EA, 0x1107, 0x1107, 0x1107, 0x1107, 0x2AA8, 0x4D8B, 0x5ECD,
  0x452A, 0x2AE8, 0x1147, 0x1107, 0x1107, 0x1107, 0x1107, 0x1107, 0x1107, 0x1107, 0x1107, 0x1107,
  0x1107, 0x1107, 0x1127, 0x3C89, 0x566B, 0x1A28, 0x1167, 0x1D0F, 0x1C8E, 0x1B4B, 0x1BEC, 0x24AD,
  0x1167, 0x244C, 0x1AEA, 0x1107, 0x1107, 0x1107, 0x1107, 0x1107, 0x1107, 0x1107, 0x1107, 0x1A28,
  0x1ACA, 0x14AF, 0x1DD2, 0x13AC, 0x1127, 0x1107, 0x1107, 0x1107, 0x1147, 0x3389, 0x4DAA, 0x5EAC,
  0x4DAB, 0x3BE9, 0x2248, 0x1147, 0x1107, 0x1107, 0x1107, 0x1107, 0x1107, 0x1107, 0x1127, 0x2A88,
  0x4D0B, 0x5EED, 0x448A, 0x1147, 0x1107, 0x142D, 0x1550, 0x1AAA, 0x1AEA, 0x24AC, 0x12CA, 0x1C8B,
  0x1A69, 0x1107, 0x1107, 0x1167, 0x19C7, 0x1987, 0x11A7, 0x19A7, 0x2B69, 0x240A, 0x2C2A, 0x1A89,
  0x140D, 0x2633, 0x14AF, 0x11A8, 0x1107, 0x1107, 0x1107, 0x1107, 0x1167, 0x2B28, 0x4D2A, 0x5EAC,
  0x5EAC, 0x4DCA, 0x44EA, 0x3BE9, 0x3369, 0x3329, 0x3389, 0x3C49, 0x4D6A, 0x5EAB, 0x564B, 0x3BCA,
  0x1127, 0x1107, 0x1107, 0x0B4B, 0x15D1, 0x0968, 0x1107, 0x1188, 0x1B2A, 0x1228, 0x1107, 0x1107,
  0x1A28, 0x34EB, 0x3C8A, 0x3C4A, 0x344A, 0x346A, 0x456B, 0x1107, 0x2348, 0x2348, 0x130A, 0x1CEE,
  0x1D91, 0x1591, 0x12CA, 0x1107, 0x1107, 0x1127, 0x1107, 0x1107, 0x1107, 0x2228, 0x3389, 0x44EA,
  0x55CA, 0x564B, 0x5E8C, 0x5EAC, 0x668C, 0x5E4C, 0x4D6B, 0x33C9, 0x19E7, 0x1107, 0x1107, 0x1107,
  0x1107, 0x1229, 0x1E12, 0x1C2D, 0x12EA, 0x12E9, 0x22CA, 0x230A, 0x1B2A, 0x1B4A, 0x2CCC, 0x1208,
  0x1107, 0x1107, 0x1107, 0x1107, 0x2AC9, 0x348B, 0x344A, 0x1987, 0x138A, 0x12A9, 0x11E9, 0x1D30,
  0x15F2, 0x142D, 0x11C8, 0x1107, 0x1107, 0x1107, 0x1107, 0x1107, 0x1107, 0x1107, 0x1147, 0x19C7,
  0x2248, 0x2268, 0x2228, 0x19A7, 0x1107, 0x1107, 0x1107, 0x1147, 0x11A8, 0x1107, 0x1107, 0x1127,
  0x1CAE, 0x1DB0, 0x0B6B, 0x132A, 0x1B6B, 0x1B8B, 0x1B4A, 0x1B6A, 0x11A7, 0x1107, 0x1107, 0x1107,
  0x11C8, 0x11E8, 0x1107, 0x11A7, 0x1187, 0x1107, 0x138A, 0x12E9, 0x1107, 0x138B, 0x144D, 0x15D1,
  0x15B1, 0x13AC, 0x11C8, 0x1107, 0x1107, 0x1107, 0x1107, 0x1107, 0x1107, 0x1107, 0x1107, 0x1107,
  0x1107, 0x1107, 0x1107, 0x1107, 0x11E9, 0x142D, 0x09C8, 0x1107, 0x1107, 0x1107, 0x12CA, 0x1DB1,
  0x1269, 0x1107, 0x1107, 0x1107, 0x1107, 0x1107, 0x1107, 0x1147, 0x1127, 0x12CA, 0x1C6D, 0x146D,
  0x1289, 0x1127, 0x1BEB, 0x1107, 0x1B8A, 0x1AEA, 0x1107, 0x0BCA, 0x11A8, 0x1209, 0x144E, 0x1DF2,
  0x1591, 0x13ED, 0x1249, 0x1147, 0x1107, 0x1107, 0x1107, 0x1107, 0x1107, 0x1107, 0x1107, 0x1107,
  0x11C8, 0x136C, 0x15D2, 0x13ED, 0x1107, 0x1107, 0x1107, 0x1107, 0x0947, 0x14CF, 0x1590, 0x142D,
  0x0BED, 0x0BCC, 0x0BEC, 0x0BEC, 0x140D, 0x140C, 0x0BEC, 0x2590, 0x11C8, 0x11A8, 0x1BEC, 0x1187,
  0x246C, 0x1107, 0x138A, 0x12C9, 0x1107, 0x0BAB, 0x11E8, 0x1107, 0x11C8, 0x146D, 0x13ED, 0x2591,
  0x1DF2, 0x152F, 0x142D, 0x132B, 0x128A, 0x1229, 0x1229, 0x12AA, 0x134B, 0x146E, 0x1570, 0x15F1,
  0x1D91, 0x11C8, 0x1107, 0x1107, 0x1107, 0x1107, 0x1107, 0x12CA, 0x1E33, 0x13AC, 0x1147, 0x1187,
  0x1167, 0x1167, 0x1167, 0x1127, 0x1127, 0x1AEB, 0x1C8E, 0x1C2D, 0x1A8A, 0x1167, 0x1C4C, 0x1107,
  0x0B6A, 0x12C9, 0x1107, 0x13AB, 0x1208, 0x1107, 0x12CA, 0x136B, 0x1107, 0x1C6E, 0x134B, 0x1C4E,
  0x1D90, 0x1DF2, 0x1E12, 0x1DD2, 0x15B1, 0x1E13, 0x1DF2, 0x14EF, 0x14CF, 0x15D2, 0x138C, 0x1107,
  0x1107, 0x1107, 0x1107, 0x1107, 0x1107, 0x1107, 0x144E, 0x1D71, 0x09E8, 0x1107, 0x1107, 0x1107,
  0x1107, 0x1269, 0x11E8, 0x1107, 0x1209, 0x1229, 0x1107, 0x1229, 0x1C6D, 0x1107, 0x136B, 0x12CA,
  0x1107, 0x140C, 0x11E8, 0x1107, 0x1187, 0x1BEC, 0x1C6D, 0x132B, 0x1107, 0x1107, 0x1167, 0x11E9,
  0x126A, 0x128A, 0x128A, 0x128A, 0x11E9, 0x11C8, 0x1530, 0x1CEF, 0x1167, 0x1107, 0x1107, 0x1107,
  0x1107, 0x1107, 0x1107, 0x1107, 0x1188, 0x1D10, 0x14EF, 0x1188, 0x1107, 0x1107, 0x0B4B, 0x13CD,
  0x140C, 0x1249, 0x1107, 0x1107, 0x11C8, 0x1C8D, 0x1229, 0x1107, 0x138B, 0x12CA, 0x1107, 0x1AEA,
  0x242D, 0x1127, 0x1107, 0x1127, 0x1188, 0x1107, 0x1107, 0x1107, 0x1107, 0x1107, 0x1107, 0x1107,
  0x1107, 0x1107, 0x1107, 0x146F, 0x1E13, 0x1229, 0x1107, 0x1107, 0x1107, 0x1107, 0x1107, 0x1107,
  0x1107, 0x1107, 0x1107, 0x1249, 0x1DD2, 0x14EF, 0x0967, 0x1107, 0x0CAE, 0x1106, 0x0A6A, 0x0BAC,
  0x1107, 0x11A8, 0x1C6D, 0x1249, 0x1107, 0x1289, 0x1CAD, 0x1C2D, 0x11C8, 0x1107, 0x1B0B, 0x1C2D,
  0x1147, 0x1107, 0x1107, 0x1107, 0x1107, 0x1107, 0x1107, 0x1107, 0x1107, 0x1107, 0x1107, 0x1127,
  0x140D, 0x1633, 0x132B, 0x1107, 0x1107, 0x1107, 0x1107, 0x1107, 0x1107, 0x1107, 0x1107, 0x1107,
  0x1107, 0x1107, 0x12CA, 0x1DD2, 0x14AE, 0x1167, 0x12CB, 0x14CF, 0x1C2E, 0x11E8, 0x1107, 0x12AA,
  0x136B, 0x1107, 0x1127, 0x144D, 0x1147, 0x128A, 0x1BAC, 0x1107, 0x1107, 0x134B, 0x13AB, 0x1107,
  0x1107, 0x1107, 0x1107, 0x1107, 0x1107, 0x1107, 0x1107, 0x1107, 0x1127, 0x140E, 0x1E33, 0x13AC,
  0x1107, 0x1107, 0x1107, 0x1107, 0x1107, 0x1107, 0x1107, 0x1107, 0x1107, 0x1107, 0x1107, 0x1107,
  0x1107, 0x12AA, 0x1DB1, 0x14CF, 0x132B, 0x0BEC, 0x1147, 0x1107, 0x1107, 0x0A89, 0x0B2B, 0x1107,
  0x1107, 0x1B6B, 0x1B8C, 0x13CC, 0x12AA, 0x1107, 0x1107, 0x11C8, 0x1BCC, 0x1107, 0x1107, 0x1107,
  0x1107, 0x1107, 0x1107, 0x1107, 0x1107, 0x11A8, 0x14AF, 0x1613, 0x13AD, 0x1107, 0x1107, 0x1107,
  0x1107, 0x1107, 0x1107, 0x1107, 0x1107, 0x1107, 0x1107, 0x1107, 0x1107, 0x1107, 0x1107, 0x1107,
  0x1269, 0x152F, 0x1DF2, 0x13CC, 0x0927, 0x1107, 0x1107, 0x0A8A, 0x0B2B, 0x1107, 0x1107, 0x1107,
  0x12AA, 0x1269, 0x1107, 0x1107, 0x1107, 0x11E9, 0x1BEC, 0x1107, 0x1107, 0x1107, 0x1107, 0x1107,
  0x1107, 0x1107, 0x12AA, 0x1550, 0x1E13, 0x132B, 0x1107, 0x1107, 0x1107, 0x1107, 0x1107, 0x1107,
  0x1107, 0x1107, 0x1107, 0x1107, 0x1107, 0x1107, 0x1107, 0x1107, 0x1107, 0x1107, 0x1107, 0x11A8,
  0x146D, 0x1612, 0x14AF, 0x126A, 0x1107, 0x0A49, 0x0B2B, 0x1107, 0x1107, 0x1127, 0x11C8, 0x1107,
  0x1107, 0x1107, 0x1107, 0x11E8, 0x13CC, 0x1107, 0x1107, 0x1107, 0x1107, 0x1107, 0x1209, 0x142E,
  0x15F2, 0x1510, 0x126A, 0x1107, 0x1107, 0x1107, 0x1107, 0x1107, 0x1107, 0x1107, 0x1107, 0x1107,
  0x1107, 0x1107, 0x1107, 0x1107, 0x1107, 0x1107, 0x1107, 0x1107, 0x1107, 0x1107, 0x0907, 0x130B,
  0x150F, 0x15D1, 0x146D, 0x140D, 0x134C, 0x1107, 0x1107, 0x0BED, 0x0C6E, 0x13ED, 0x1127, 0x1107,
  0x1107, 0x11C8, 0x13AB, 0x1107, 0x1107, 0x1147, 0x128A, 0x146E, 0x15D2, 0x15B1, 0x0BAC, 0x0967,
  0x1107, 0x1107, 0x1107, 0x1107, 0x1107, 0x1107, 0x1107, 0x1107, 0x1107, 0x1107, 0x1107, 0x1107,
  0x1107, 0x1107, 0x1107, 0x1107, 0x1107, 0x1107, 0x1107, 0x1107, 0x1107, 0x1107, 0x1167, 0x132B,
  0x14CE, 0x1DF1, 0x1DB1, 0x146D, 0x13ED, 0x146E, 0x0988, 0x142D, 0x12AA, 0x1167, 0x0987, 0x128A,
  0x148E, 0x12EA, 0x142D, 0x0D50, 0x15F2, 0x1591, 0x13ED, 0x11E8, 0x1107, 0x1107, 0x1107, 0x1107,
  0x1107, 0x1107, 0x1107, 0x1107, 0x1107, 0x1107, 0x1107, 0x1107, 0x1107, 0x1107, 0x1107, 0x1107,
  0x1107, 0x1107, 0x1107, 0x1107, 0x1107, 0x1107, 0x1107, 0x1107, 0x1107, 0x1107, 0x1147, 0x128A,
  0x13ED, 0x14EE, 0x1D70, 0x2571, 0x1570, 0x1570, 0x1570, 0x1550, 0x1550, 0x1590, 0x15D1, 0x15B1,
  0x150F, 0x144D, 0x130B, 0x1188, 0x1107, 0x1107, 0x1107, 0x1107, 0x1107, 0x1107, 0x1107, 0x1107,
  0x1107, 0x1107, 0x1107, 0x1107, 0x1107, 0x1107, 0x1107, 0x1107, 0x1107, 0x1107, 0x1107, 0x1107,
  0x1107, 0x1107, 0x1107, 0x1107, 0x1107, 0x1107, 0x1107, 0x1107, 0x1107, 0x1107, 0x1107, 0x1127,
  0x11E9, 0x12CA, 0x132B, 0x13AC, 0x144D, 0x144D, 0x13EC, 0x134B, 0x1B0B, 0x1249, 0x1167, 0x1107,
  0x1107, 0x1107, 0x1107, 0x1107, 0x1107, 0x1107, 0x1107, 0x1107, 0x1107, 0x1107, 0x1107, 0x1107,
  0x1107, 0x1107, 0x1107, 0x1107
};

#define LOGO_TINY_W 20
#define LOGO_TINY_H 20

const uint16_t LOGO_TINY[400] PROGMEM = {
  0x1107, 0x1107, 0x1107, 0x1107, 0x1107, 0x1107, 0x2AE8, 0x3C6A, 0x44CA, 0x44AA, 0x44AA, 0x4CEA,
  0x448A, 0x2B09, 0x1127, 0x1107, 0x1107, 0x1107, 0x1107, 0x1107, 0x1107, 0x1107, 0x1107, 0x1107,
  0x2268, 0x44AA, 0x3C09, 0x2268, 0x1187, 0x1107, 0x1107, 0x1107, 0x2228, 0x3BE9, 0x44CA, 0x2AA8,
  0x1107, 0x1107, 0x1107, 0x1107, 0x1107, 0x1107, 0x1107, 0x3369, 0x44CA, 0x19E7, 0x1107, 0x1107,
  0x1107, 0x1147, 0x33C9, 0x3349, 0x19C7, 0x1107, 0x19A7, 0x448A, 0x33A9, 0x1107, 0x1107, 0x1107,
  0x1107, 0x1107, 0x2B28, 0x448A, 0x1107, 0x1107, 0x1107, 0x1107, 0x1107, 0x1127, 0x2288, 0x3308,
  0x4469, 0x446A, 0x1147, 0x1107, 0x3C2A, 0x3389, 0x1107, 0x1107, 0x1107, 0x1A08, 0x44CA, 0x1107,
  0x1107, 0x1107, 0x1107, 0x1107, 0x1107, 0x1147, 0x134B, 0x0B4B, 0x1209, 0x2AA7, 0x4D0A, 0x19C7,
  0x1107, 0x448A, 0x2268, 0x1107, 0x1107, 0x3C69, 0x2227, 0x1107, 0x1127, 0x1107, 0x1107, 0x1107,
  0x1107, 0x1127, 0x12CA, 0x12AA, 0x13CC, 0x0AEB, 0x21E7, 0x44EA, 0x1127, 0x19C7, 0x44AA, 0x1107,
  0x2248, 0x3C09, 0x1107, 0x1107, 0x1107, 0x1107, 0x1107, 0x1107, 0x1107, 0x1147, 0x132B, 0x13ED,
  0x1249, 0x138B, 0x0A6A, 0x3328, 0x3389, 0x1107, 0x3C0A, 0x2288, 0x33C9, 0x33E8, 0x2B08, 0x33A9,
  0x3388, 0x2AE9, 0x19C7, 0x1107, 0x1107, 0x1167, 0x138C, 0x1209, 0x140D, 0x1209, 0x13ED, 0x11E8,
  0x3C6A, 0x1107, 0x2288, 0x3C09, 0x3C49, 0x452B, 0x2C2A, 0x2369, 0x22E8, 0x3B68, 0x3C69, 0x3C6A,
  0x2248, 0x1107, 0x1229, 0x142D, 0x1269, 0x13AC, 0x130A, 0x0A8A, 0x4409, 0x19C7, 0x1187, 0x44AA,
  0x1BEC, 0x13EE, 0x0B0C, 0x0B2C, 0x13CD, 0x0B2C, 0x11A8, 0x2207, 0x3C89, 0x3C09, 0x1107, 0x0A09,
  0x1229, 0x126A, 0x1229, 0x0A09, 0x2AA8, 0x19C7, 0x1147, 0x448A, 0x144E, 0x1AA9, 0x19C7, 0x1A08,
  0x2BCA, 0x242C, 0x142D, 0x0B2C, 0x1107, 0x3349, 0x44EA, 0x2227, 0x1107, 0x1107, 0x1107, 0x1107,
  0x1107, 0x1107, 0x1147, 0x44A9, 0x140D, 0x1AEA, 0x236A, 0x1B0A, 0x1A68, 0x1967, 0x1107, 0x136C,
  0x144E, 0x0927, 0x19C7, 0x3C8A, 0x3C49, 0x2248, 0x1127, 0x1107, 0x1107, 0x1107, 0x2B29, 0x3C8A,
  0x134B, 0x134B, 0x1AEA, 0x1269, 0x1167, 0x2288, 0x2268, 0x22E8, 0x1BCB, 0x1CCF, 0x122A, 0x1107,
  0x2267, 0x3C49, 0x3C8A, 0x3C29, 0x3C09, 0x448A, 0x3C09, 0x1987, 0x1209, 0x142D, 0x1249, 0x1AC9,
  0x1AA9, 0x11A7, 0x1A28, 0x2289, 0x1A48, 0x12A9, 0x144E, 0x13CD, 0x0988, 0x1107, 0x1107, 0x19C7,
  0x21E7, 0x1967, 0x09C8, 0x0988, 0x1107, 0x13ED, 0x132B, 0x0A49, 0x0A29, 0x128A, 0x136C, 0x1249,
  0x1289, 0x1228, 0x09C7, 0x130B, 0x1CCF, 0x140D, 0x132B, 0x0A8A, 0x0AAB, 0x13ED, 0x146E, 0x1127,
  0x1107, 0x11E9, 0x144E, 0x1127, 0x11C8, 0x1269, 0x11E9, 0x1289, 0x1289, 0x1249, 0x1249, 0x1167,
  0x128A, 0x11E8, 0x12AA, 0x130B, 0x128A, 0x14F0, 0x1209, 0x1107, 0x1107, 0x1107, 0x12CB, 0x13CC,
  0x12AA, 0x12CA, 0x11A8, 0x1229, 0x128A, 0x12EA, 0x11E8, 0x1249, 0x1107, 0x1107, 0x1107, 0x1107,
  0x136C, 0x130B, 0x1107, 0x1107, 0x1107, 0x1107, 0x1107, 0x12AA, 0x14EF, 0x1209, 0x0988, 0x0967,
  0x11C8, 0x1229, 0x1107, 0x1269, 0x1107, 0x1107, 0x11C8, 0x144E, 0x134C, 0x1107, 0x1107, 0x1107,
  0x1107, 0x1107, 0x1107, 0x1107, 0x11E8, 0x13CC, 0x142D, 0x12EB, 0x12EB, 0x1269, 0x1147, 0x12EA,
  0x1249, 0x13AC, 0x142E, 0x1249, 0x1107, 0x1107, 0x1107, 0x1107, 0x1107, 0x1107, 0x1107, 0x1107,
  0x1107, 0x1107, 0x1229, 0x138C, 0x1C2D, 0x146E, 0x142D, 0x144D, 0x13AC, 0x128A, 0x1107, 0x1107,
  0x1107, 0x1107, 0x1107, 0x1107
};

#endif